unit_id,method,label,area_m2,height_max_m,height_mean_m,canopy_cover,volume_m3,n_pixels,data_coverage,vari_mean,exg_mean,gli_mean,height_max_m_pct,height_mean_m_pct,volume_m3_pct,canopy_cover_pct,vari_mean_pct,exg_mean_pct,gli_mean_pct
c00001,watershed,1,10.7024999998344,3.847796678543091,1.882842778551354,0.9958138389559222,19.115561309293753,4276,0.9497193638914874,-0.0032076101119905514,0.02386135131493933,0.01733055221981276,99.69135802469135,99.69135802469135,95.98765432098766,41.66666666666667,0.30864197530864196,1.8518518518518516,1.8518518518518516
c00002,watershed,2,1.309999999960419,3.9151017665863037,2.560088225679257,0.9901719901719902,2.6048897696356117,527,0.7722960151802657,-0.002188797190147328,0.012655697518221898,0.008694027535060982,100.0,100.0,32.71604938271605,24.691358024691358,0.6172839506172839,1.2345679012345678,1.2345679012345678
c00003,watershed,3,26.5662499997043,2.668107271194458,1.8449954452286863,0.9898161244695898,48.91544174175638,10651,0.9956811566989016,0.35038568965483813,0.5381522696760982,0.3488653965959736,99.38271604938271,99.07407407407408,100.0,23.456790123456788,91.0493827160494,98.4567901234568,98.76543209876543
c00004,watershed,4,14.16250000005239,2.485292911529541,1.8455693922425425,0.9712204654467934,25.97177527240265,5703,0.9870243731369455,0.2736510414680925,0.44245716232164045,0.2940769528057209,99.07407407407408,99.38271604938271,99.38271604938271,2.7777777777777777,46.2962962962963,89.50617283950618,89.81481481481481
c00005,watershed,5,16.568124999796563,2.4709949493408203,1.4061589593539199,0.9959177502267916,23.250838392979258,6614,1.0,0.26847622388100273,0.33336229348698254,0.2263622528015343,98.76543209876543,95.37037037037037,98.76543209876543,42.592592592592595,42.592592592592595,50.617283950617285,50.92592592592593
c00006,watershed,6,13.994375000436268,2.449549436569214,1.4762485613714138,1.0,20.58259556697599,5638,0.9891805604824406,0.0520260106824424,0.0025540804175723467,0.001407072195934681,98.4567901234568,97.53086419753086,97.53086419753086,83.48765432098766,2.1604938271604937,0.9259259259259258,0.9259259259259258
c00007,watershed,7,8.028125000146975,2.37074875831604,1.5370672488842894,0.9993751952514839,12.300380659229427,3201,1.0,0.34500381064248953,0.38292722281898384,0.2586196407116959,97.8395061728395,98.76543209876543,91.9753086419753,63.580246913580254,88.58024691358025,70.06172839506173,71.91358024691358
c00008,watershed,8,21.094374999925492,2.3999083042144775,1.2972011158171775,1.0,27.377429549394762,8442,1.0,0.2445867326263566,0.3087919167157208,0.20921567725253745,98.14814814814815,79.93827160493827,99.69135802469135,83.48765432098766,26.543209876543212,32.098765432098766,31.17283950617284
c00009,watershed,9,15.694374999854187,2.273844003677368,1.4004254912597518,0.9992012779552716,21.916658938273738,6260,1.0,0.24817814153884926,0.30910611737596533,0.20911219798036446,97.53086419753086,94.44444444444444,98.14814814814815,62.03703703703704,29.01234567901235,32.71604938271605,30.864197530864196
c00010,watershed,10,19.246250000137085,2.264859676361084,1.2956553591290463,1.0,24.892778587333385,7685,1.0,0.20368135338233886,0.27539942838424675,0.18830347506737094,97.22222222222221,78.70370370370371,99.07407407407408,83.48765432098766,9.5679012345679,16.049382716049383,15.74074074074074
c00011,watershed,11,7.869374999849825,2.2583653926849365,1.3527981389165162,0.9977635782747604,10.585645437050054,3130,1.0,0.27009209531619616,0.29560359347666565,0.2026839239475815,96.91358024691358,88.88888888888889,87.65432098765432,50.308641975308646,43.51851851851852,26.234567901234566,26.543209876543212
c00012,watershed,12,12.2643750002014,2.1924123764038086,1.3401339966064494,0.9953185426419703,16.46019581336274,4913,1.0,0.29741973791186266,0.336804473349107,0.22758913132706854,95.98765432098766,87.65432098765432,94.1358024691358,39.19753086419753,62.96296296296296,53.086419753086425,51.85185185185185
c00013,watershed,13,12.927500000345171,2.1927502155303955,1.3645841217164185,1.0,17.664541455666285,5178,1.0,0.3343618242134584,0.3926622042245821,0.26175538477215543,96.29629629629629,91.66666666666666,95.37037037037037,83.48765432098766,82.4074074074074,74.07407407407408,73.76543209876543
c00014,watershed,14,6.834999999550055,2.1813583374023438,1.424667372922976,0.9831501831501831,9.72335482022532,2730,1.0,0.27377883937924796,0.3165342860074413,0.21645902339701803,95.67901234567901,95.98765432098766,86.72839506172839,12.654320987654321,46.60493827160494,40.123456790123456,41.358024691358025
c00015,watershed,15,9.272499999408902,2.2216320037841797,1.3051885863767596,1.0,11.978368251504751,3671,1.0,0.2226772755730019,0.3242744444222138,0.2181786037653801,96.60493827160494,81.17283950617285,91.66666666666666,83.48765432098766,14.19753086419753,44.75308641975309,43.51851851851852
c00016,watershed,16,7.4099999997843415,2.1745002269744873,1.4797251030237089,0.9813748730104978,10.924070573101751,2953,1.0,0.25567632020149705,0.3170378521411393,0.21532791517000396,95.37037037037037,97.8395061728395,88.88888888888889,9.876543209876543,32.407407407407405,41.358024691358025,39.50617283950617
c00017,watershed,17,15.59562500016065,2.125838041305542,1.2669084170069014,0.9982377443127203,19.770105847445578,6242,1.0,0.22765380780900651,0.2694269351858812,0.18208001083806613,94.1358024691358,72.22222222222221,96.60493827160494,53.39506172839506,15.74074074074074,14.19753086419753,12.962962962962962
c00018,watershed,18,12.243125000003205,2.13338041305542,1.334861687314873,0.9983603197376512,16.281975431066716,4879,1.0,0.2884087173769383,0.335149125940434,0.22850377097102237,94.75308641975309,86.72839506172839,93.82716049382715,54.629629629629626,57.098765432098766,51.54320987654321,52.160493827160494
c00019,watershed,19,14.536874999729626,2.1240792274475098,1.2332165700606477,0.9977670903469598,17.949467177280738,5822,1.0,0.2672411347097181,0.3255637077663967,0.21762859043643198,93.82716049382715,65.4320987654321,95.67901234567901,50.617283950617285,41.66666666666667,45.370370370370374,42.901234567901234
c00020,watershed,20,14.66812500024331,2.1361329555511475,1.3677971802542614,0.9996589358799455,20.051906662581107,5864,1.0,0.30569411515632827,0.39747828408060387,0.26672704468056707,95.06172839506173,92.28395061728395,96.91358024691358,65.4320987654321,69.75308641975309,74.69135802469135,75.30864197530865
c00021,watershed,21,15.939999999888244,2.0965774059295654,1.2744988186686768,0.9982777516831063,20.350559887146527,6387,1.0,0.28083454912454564,0.34102761963686334,0.2298712807310663,91.9753086419753,74.69135802469135,97.22222222222221,53.70370370370371,53.086419753086425,55.8641975308642,54.01234567901234
c00022,watershed,22,15.736249999869614,2.0686936378479004,1.3471878075677544,0.9979598242310107,21.46070177461173,6372,1.0,0.08367516274213471,-0.0081447258826665,-0.00678343212967679,90.4320987654321,88.58024691358025,97.8395061728395,51.85185185185185,2.7777777777777777,0.30864197530864196,0.30864197530864196
c00023,watershed,23,5.5518749999729335,2.1050939559936523,1.3244946674826774,0.9950561797752809,7.3675015878921,2225,1.0,0.22110351837935832,0.27189342433714625,0.1873384204085471,92.28395061728395,84.87654320987654,78.39506172839506,37.65432098765432,13.271604938271606,14.506172839506174,14.814814814814813
c00024,watershed,24,8.093125000128348,2.0887506008148193,1.3597039976879703,0.9953917050691244,11.064591281215453,3255,1.0,0.2627945705830071,0.3316352233268343,0.2238245016613295,91.0493827160494,90.74074074074075,89.81481481481481,39.81481481481482,38.2716049382716,50.0,48.148148148148145
c00025,watershed,25,6.931250000065483,2.08908748626709,1.1829903149516672,0.9953405017921146,8.25135744680995,2790,1.0,0.27083088389814586,0.29688709806798563,0.20319660134116693,91.35802469135803,53.70370370370371,80.8641975308642,39.50617283950617,44.135802469135804,27.160493827160494,27.160493827160494
c00026,watershed,26,13.466875000002325,2.0899953842163086,1.2954024501705033,0.9959008757220048,17.38106237520922,5367,1.0,0.23107825594284168,0.2578658562162396,0.17574851191092933,91.66666666666666,78.39506172839506,95.06172839506173,42.28395061728395,17.59259259259259,10.802469135802468,10.493827160493826
c00027,watershed,27,6.130625000064319,2.0833466053009033,1.3637075356007677,0.9967506092607636,8.393619881645177,2462,1.0,0.2570399527162158,0.3065325931180595,0.20879146638404836,90.74074074074075,91.35802469135803,81.79012345679013,46.60493827160494,34.25925925925926,31.17283950617284,30.555555555555557
c00028,watershed,28,14.899999999995638,2.1061246395111084,1.2864438608253728,0.9983204568357407,19.148716868436892,5954,1.0,0.2619809274040073,0.32191476566495386,0.21704702929810568,92.5925925925926,77.46913580246914,96.29629629629629,54.32098765432099,37.34567901234568,43.51851851851852,41.9753086419753
c00029,watershed,29,5.536250000090804,2.117042064666748,1.5321623217681177,0.9668903803131991,8.560956972902256,2235,1.0,0.1987212315885898,0.28639151500964816,0.1983423840699415,93.20987654320987,98.4567901234568,82.09876543209876,0.9259259259259258,8.950617283950617,22.530864197530864,24.691358024691358
c00030,watershed,30,8.845624999852152,2.042393207550049,1.3408801059162065,0.9997146118721462,11.746109727857387,3504,1.0,0.2741978781029953,0.3160771100332514,0.2137873541365108,89.50617283950618,87.96296296296296,91.35802469135803,66.35802469135803,46.913580246913575,39.50617283950617,38.2716049382716
c00031,watershed,31,12.604999999993309,2.0433712005615234,1.320199729014094,0.9950327836280548,16.61141309036427,5033,1.0,0.27438332077884225,0.3141072781142764,0.21253716788825802,89.81481481481481,83.9506172839506,94.75308641975309,37.34567901234568,47.53086419753087,38.58024691358025,36.41975308641975
c00032,watershed,32,8.300625000442086,2.0239579677581787,1.3303600290426363,0.9988034699371822,11.118483942753572,3343,1.0,0.20391453100418735,0.23681940720348887,0.16259840086686092,87.65432098765432,85.80246913580247,90.4320987654321,57.71604938271605,9.876543209876543,7.4074074074074066,7.098765432098765
c00033,watershed,33,6.429374999830616,2.033207893371582,1.4845855449028882,0.9953088350273651,9.493924559679364,2558,1.0,0.2297726106016438,0.31218704895417254,0.21091632344311909,88.58024691358025,98.14814814814815,85.80246913580247,38.88888888888889,16.358024691358025,36.7283950617284,33.95061728395062
c00034,watershed,34,4.770624999919091,2.0316596031188965,1.419210283493712,0.9952380952380953,6.705768589525725,1890,1.0,0.3465899686072695,0.42443611141247517,0.28071326852625855,88.27160493827161,95.67901234567901,73.4567901234568,38.58024691358025,89.50617283950618,84.87654320987654,84.5679012345679
c00035,watershed,35,7.982499999763677,2.018311023712158,1.3579275601704506,0.9984167194426853,10.720838087574384,3158,1.0,0.2842969614325247,0.35338021666534153,0.2368389807445122,87.34567901234568,90.4320987654321,88.27160493827161,55.55555555555556,55.24691358024691,60.18518518518518,59.876543209876544
c00036,watershed,36,6.382500000179861,2.0442028045654297,1.3867870482672042,0.9893700787401575,8.806097756520302,2540,1.0,0.3086443008083712,0.39996516734802423,0.26571131494182265,90.12345679012346,93.20987654320987,83.33333333333334,22.530864197530864,71.60493827160494,75.30864197530865,74.38271604938271
c00037,watershed,37,10.618750000075675,2.014218330383301,1.3066785417273834,0.9988199197545433,13.840992453284331,4237,1.0,0.2550356768011316,0.31731246519111056,0.21541021316667333,86.72839506172839,81.48148148148148,92.90123456790124,58.0246913580247,31.790123456790127,41.66666666666667,39.81481481481482
c00038,watershed,38,2.326250000064902,2.0103344917297363,1.4049617662044678,0.9796573875802997,3.280585724096207,934,1.0,0.3156874985648525,0.389419452860227,0.2616442072618432,86.41975308641975,95.06172839506173,43.82716049382716,7.716049382716049,75.92592592592592,73.4567901234568,73.4567901234568
c00039,watershed,39,5.833749999850408,2.1104109287261963,1.361358914779763,0.9841677364142063,7.95373945962204,2337,1.0,0.37925378093178147,0.4773328864348428,0.30297496555446685,92.90123456790124,91.0493827160494,80.55555555555556,14.506172839506174,97.53086419753086,95.37037037037037,93.82716049382715
c00040,watershed,40,3.241874999992142,2.033992052078247,1.4313529286168412,0.982985305491106,4.626848341766315,1293,1.0,0.27284986725918636,0.2604932718828626,0.17988621316801948,88.88888888888889,96.60493827160494,61.419753086419746,11.728395061728394,45.06172839506173,11.11111111111111,11.728395061728394
c00041,watershed,41,5.3918749999543065,2.0156991481781006,1.2845219512155162,0.9944341372912802,6.923573317070152,2156,1.0,0.2702742310040778,0.3608199593473969,0.24265893159652285,87.03703703703704,76.85185185185185,75.0,35.80246913580247,43.82716049382716,62.03703703703704,61.111111111111114
c00042,watershed,42,7.62624999974476,2.132824182510376,1.2330510091475901,0.999673309376021,9.435922847527173,3061,1.0,0.14991239756564062,0.21394078894713345,0.14903372491124153,94.44444444444444,65.12345679012346,85.49382716049382,65.74074074074075,4.012345679012346,4.62962962962963,4.62962962962963
c00043,watershed,43,10.949374999636493,2.0022494792938232,1.2379183126197062,0.9995413895895436,13.496404403372447,4361,1.0,0.2552212694747849,0.2886430052322691,0.19701799968137806,86.11111111111111,66.35802469135803,92.5925925925926,64.81481481481481,32.098765432098766,23.456790123456788,23.765432098765434
c00044,watershed,44,5.8662500000564615,2.0388898849487305,1.2309504436554397,0.9863655730720068,7.222601728167612,2347,1.0,0.3028645385198571,0.3790293804816729,0.25420990034660995,89.19753086419753,64.19753086419753,77.46913580246914,17.28395061728395,66.9753086419753,68.82716049382715,69.1358024691358
c00045,watershed,45,8.62312500027736,1.98590087890625,1.2691938112370698,0.9985685657028343,11.083234956657357,3493,1.0,0.20902776434481907,0.2616668724487535,0.17764728331312232,85.49382716049382,73.14814814814815,90.12345679012346,56.481481481481474,10.802469135802468,11.419753086419753,11.11111111111111
c00046,watershed,46,5.301874999833235,1.9576693773269653,1.3373029597641675,0.9759660697455231,7.094392201567884,2122,1.0,0.2996538698019809,0.30469680948465033,0.20944822079555092,82.4074074074074,87.34567901234568,76.85185185185185,5.246913580246913,64.81481481481481,29.629629629629626,32.098765432098766
c00047,watershed,47,3.576874999791034,1.9734174013137817,1.3150070451581752,0.9787985865724381,4.651837422259487,1415,1.0,0.2766790976301984,0.31563672160014916,0.2140937500831634,84.5679012345679,82.09876543209876,62.03703703703704,7.4074074074074066,48.76543209876543,39.19753086419753,38.88888888888889
c00048,watershed,48,6.419375000108848,1.963173270225525,1.3244716172219244,1.0,8.566020184405708,2587,1.0,0.19887513689433603,0.27969484664180955,0.18942630651287387,83.33333333333334,84.5679012345679,82.4074074074074,83.48765432098766,9.25925925925926,18.82716049382716,16.666666666666664
c00049,watershed,49,11.930625000208385,1.9751425981521606,1.2451637366977093,1.0,14.94507774975423,4801,1.0,0.19254977226535555,0.2654721657521392,0.18086894736134992,84.87654320987654,68.51851851851852,93.51851851851852,83.48765432098766,6.481481481481481,13.271604938271606,12.037037037037036
c00050,watershed,50,4.994999999871361,1.964104175567627,1.3951372845056362,1.0,6.958247206490472,1995,1.0,0.3191284532752826,0.44160855372998153,0.2913654609631903,83.9506172839506,93.82716049382715,75.30864197530865,83.48765432098766,77.46913580246914,88.88888888888889,87.03703703703704
c00051,watershed,51,11.902499999700522,1.9638259410858154,1.3949632540001404,0.9962161025856633,16.589600498241044,4757,1.0,0.2473719531504282,0.3186738301424013,0.2154848015590715,83.64197530864197,93.51851851851852,94.44444444444444,44.44444444444444,28.08641975308642,42.592592592592595,40.4320987654321
c00052,watershed,52,5.50812499998312,1.9559848308563232,1.323287596374066,0.9778880866425993,7.331013283931934,2216,1.0,0.2800880310411149,0.33115702814174847,0.22517198435892186,82.09876543209876,84.25925925925925,78.08641975308642,6.481481481481481,52.46913580246913,48.76543209876543,49.382716049382715
c00053,watershed,53,3.683749999878055,2.1182336807250977,1.157376533781091,0.9993215739484396,4.264932526994729,1474,1.0,0.30266564608111357,0.3380323776204601,0.2311003663638908,93.51851851851852,46.913580246913575,56.481481481481474,62.96296296296296,66.66666666666666,53.70370370370371,55.8641975308642
c00054,watershed,54,3.3925000000631553,1.9755927324295044,1.3970595751484425,0.9874815905743741,4.743017257641649,1358,1.0,0.4204135025960074,0.5491497505226346,0.3460944609973371,85.18518518518519,94.1358024691358,62.96296296296296,18.209876543209877,100.0,99.38271604938271,98.14814814814815
c00055,watershed,55,7.460625000057626,2.030045747756958,1.179648749520368,1.0,8.83556913393119,2996,1.0,0.2214331343466012,0.28134459864745864,0.19161315108112997,87.96296296296296,53.39506172839506,83.9506172839506,83.48765432098766,13.580246913580247,19.444444444444446,18.82716049382716
c00056,watershed,56,4.785624999852444,1.9719234704971313,1.1374375069032232,0.9942648592283628,5.4540128456155434,1918,1.0,0.251673790164748,0.3052089571816622,0.20772026135532679,84.25925925925925,43.20987654320987,68.82716049382715,33.95061728395062,30.555555555555557,29.938271604938272,29.629629629629626
c00057,watershed,57,4.773124999848078,1.9585692882537842,1.3247888377663226,0.9984284965950759,6.322554728256686,1909,1.0,0.26477023409951844,0.2974039137446255,0.20413344523738583,82.71604938271605,85.18518518518519,71.60493827160494,55.8641975308642,39.50617283950617,27.469135802469136,28.08641975308642
c00058,watershed,58,7.498750000013679,1.9589157104492188,1.0996060614006293,0.995686794956868,8.285531672675905,3014,1.0,0.31514291587924104,0.3397804933878823,0.23055427966923456,83.0246913580247,34.876543209876544,81.48148148148148,41.358024691358025,75.30864197530865,54.93827160493827,55.24691358024691
c00059,watershed,59,8.580624999943538,1.9488216638565063,1.17844690182603,1.0,10.037421486330059,3407,1.0,0.25596581767718846,0.3406648515312273,0.2301289104355207,81.48148148148148,53.086419753086425,87.34567901234568,83.48765432098766,33.33333333333333,55.55555555555556,54.32098765432099
c00060,watershed,60,6.258749999981373,1.9219027757644653,1.3169294136067786,0.9972078181092939,8.253855099802562,2507,1.0,0.2549912410284725,0.2685700069384821,0.1851304513086185,79.32098765432099,83.33333333333334,81.17283950617285,48.148148148148145,31.48148148148148,13.88888888888889,14.19753086419753
c00061,watershed,61,6.32312500012602,1.9510306119918823,1.4725404012271215,0.9964594807238395,9.357994249823388,2542,1.0,0.2504675390301984,0.3388341089003284,0.22936641604923794,81.79012345679013,97.22222222222221,85.18518518518519,45.67901234567901,29.629629629629626,54.629629629629626,52.77777777777778
c00062,watershed,62,2.7775000000468575,1.922168254852295,1.4600405686904114,0.972072072072072,4.051612578126729,1110,1.0,0.3176925282688479,0.4020539231837201,0.2715241680200828,79.62962962962963,96.91358024691358,54.629629629629626,3.0864197530864197,77.1604938271605,76.5432098765432,78.39506172839506
c00063,watershed,63,6.7781249999578,1.9416933059692383,1.2859840531536297,1.0,8.725401800670717,2714,1.0,0.23295117924374178,0.2772762560076901,0.19004170706681367,80.24691358024691,77.1604938271605,83.0246913580247,83.48765432098766,18.82716049382716,16.97530864197531,16.97530864197531
c00064,watershed,64,3.550624999858555,1.9476697444915771,1.240568553796038,0.9916201117318436,4.441235422601696,1432,1.0,0.2912465115564194,0.3620825110933493,0.24667985722813549,81.17283950617285,67.28395061728395,58.333333333333336,27.469135802469136,59.5679012345679,62.96296296296296,64.50617283950618
c00065,watershed,65,2.6062500002226443,1.9150207042694092,1.3280551594352028,0.9885386819484241,3.4761843798309413,1047,1.0,0.30522531555798055,0.4195487624112306,0.27705777632796097,79.01234567901234,85.49382716049382,47.22222222222222,19.444444444444446,69.1358024691358,83.9506172839506,82.09876543209876
c00066,watershed,66,5.654999999889989,1.9071941375732422,1.370202690927992,0.9835628609506886,7.7108156432179,2251,1.0,0.26030995802619145,0.34437977597216146,0.23510205709038412,78.08641975308642,92.5925925925926,79.62962962962963,13.580246913580247,36.41975308641975,58.333333333333336,57.71604938271605
c00067,watershed,67,3.0787499998076235,1.9065227508544922,1.4030330762050358,0.9683184402924452,4.317834292032547,1231,1.0,0.20773284679471876,0.23442850132048537,0.1631169482060954,77.77777777777779,94.75308641975309,56.79012345679012,1.5432098765432098,10.185185185185185,6.790123456790123,7.4074074074074066
c00068,watershed,68,5.0943749998207215,1.893850326538086,1.3329825744520782,0.9876786594381469,6.761554108926253,2029,1.0,0.2681415987267096,0.3643440687058878,0.24368951905467562,77.1604938271605,86.11111111111111,73.76543209876543,18.82716049382716,41.9753086419753,64.19753086419753,62.03703703703704
c00069,watershed,69,2.6893749998434213,1.8861360549926758,1.3724146971229643,0.9685476410730804,3.7089507189847315,1081,1.0,0.33515417027920946,0.40792009826802306,0.26953263919492526,75.61728395061729,92.90123456790124,50.0,2.1604938271604937,83.64197530864197,79.01234567901234,76.23456790123457
c00070,watershed,70,5.181875000136497,1.9996511936187744,1.1314872464614445,0.997568093385214,5.8158444468273816,2056,1.0,0.31492522199357936,0.3342031568636289,0.22364653880438248,85.80246913580247,42.28395061728395,69.44444444444444,49.691358024691354,75.0,50.92592592592593,47.839506172839506
c00071,watershed,71,5.244999999925203,1.8707196712493896,1.344071339437132,0.9923990498812352,7.073175423806826,2105,1.0,0.30848853198068993,0.3810274630595566,0.2573501303170343,73.76543209876543,88.27160493827161,76.23456790123457,29.01234567901235,70.98765432098766,69.44444444444444,70.37037037037037
c00072,watershed,72,18.36875000010478,1.8955340385437012,1.2185734743837482,0.9997280391623606,22.403473326605134,7354,1.0,0.18747973124554554,0.232919488044335,0.16180220563935077,77.46913580246914,62.03703703703704,98.4567901234568,66.66666666666666,5.555555555555555,6.481481481481481,6.790123456790123
c00073,watershed,73,10.969999999862628,1.8757573366165161,1.2965733113657911,0.9990931761505327,14.297962191124507,4411,1.0,0.2480158290680061,0.30960402739042076,0.21065230824343276,74.69135802469135,79.62962962962963,93.20987654320987,60.802469135802475,28.703703703703702,33.33333333333333,33.0246913580247
c00074,watershed,74,5.866249999941504,1.8838832378387451,1.2034720611637737,1.0,7.12154592195568,2367,1.0,0.3035755189572088,0.3261164828765452,0.2228692772834187,75.30864197530865,59.876543209876544,77.1604938271605,83.48765432098766,67.5925925925926,45.98765432098765,46.60493827160494
c00075,watershed,75,5.949375000123982,1.8692293167114258,1.2764865124064027,0.9779900332225914,7.684448804707099,2408,1.0,0.3447420405940108,0.47522239156617097,0.30805594237666434,73.14814814814815,75.30864197530865,79.32098765432099,6.790123456790123,88.27160493827161,94.75308641975309,94.1358024691358
c00076,watershed,76,5.363749999869905,1.8894858360290527,1.2795708126344876,0.9860205032618826,6.864897409802388,2146,1.0,0.3176679018490217,0.36519455603971407,0.2454396442294493,75.92592592592592,75.92592592592592,74.07407407407408,16.97530864197531,76.85185185185185,64.81481481481481,63.888888888888886
c00077,watershed,77,11.309374999529973,1.9417610168457031,1.1204173745250485,0.9949316879682679,12.711135114020674,4538,1.0,0.22518114604390677,0.23985267607385194,0.16560328135171037,80.55555555555556,38.88888888888889,92.28395061728395,36.7283950617284,14.814814814814813,8.333333333333332,8.024691358024691
c00078,watershed,78,3.2493749997383565,1.9450726509094238,1.300658684142687,0.9876543209876543,4.214134136633578,1296,1.0,0.3681250848000567,0.4326440695030892,0.28601015808990043,80.8641975308642,80.8641975308642,56.17283950617284,18.51851851851852,95.67901234567901,86.11111111111111,85.49382716049382
c00079,watershed,79,2.096249999834398,1.8495805263519287,1.3657431959273183,0.9823529411764705,2.9022042913533146,850,1.0,0.23731277661822445,0.3442882818571953,0.23669001654971225,70.98765432098766,91.9753086419753,37.96296296296296,11.419753086419753,21.296296296296298,57.71604938271605,59.25925925925925
c00080,watershed,80,3.2056250006071063,1.862866997718811,1.356261691600747,0.9636504253673627,4.384115918111141,1293,1.0,0.30831838998010386,0.38540380843992345,0.2583469216338832,72.53086419753086,89.81481481481481,57.407407407407405,0.6172839506172839,70.67901234567901,71.91358024691358,71.60493827160494
c00081,watershed,81,3.473749999593129,1.8702031373977661,1.4265288659958162,0.9702251270878722,4.910825621203733,1377,1.0,0.30511385717407313,0.371583196753561,0.24912865400542755,73.4567901234568,96.29629629629629,64.50617283950618,2.4691358024691357,68.82716049382715,66.66666666666666,66.35802469135803
c00082,watershed,82,8.913125000158326,1.9097563028335571,1.18971270548777,0.9991606043648573,10.630083023561658,3574,1.0,0.27638766668622716,0.33799033035533066,0.22948681902215726,78.39506172839506,55.24691358024691,87.96296296296296,61.419753086419746,48.148148148148145,53.39506172839506,53.086419753086425
c00083,watershed,83,8.55312499971478,1.8721356391906738,1.1622906900462693,0.9938829012525487,9.975359847348788,3433,1.0,0.1937912728841637,0.22874640637637794,0.15706964364976228,74.07407407407408,48.45679012345679,87.03703703703704,32.71604938271605,7.098765432098765,5.864197530864197,5.555555555555555
c00084,watershed,84,2.398124999839347,1.8666516542434692,1.336588261253321,0.983419689119171,3.224519180282262,965,1.0,0.3493054921437031,0.44564778129703364,0.2948720948944994,72.8395061728395,87.03703703703704,43.20987654320987,13.271604938271606,90.12345679012346,91.0493827160494,90.4320987654321
c00085,watershed,85,6.347499999650464,1.8742095232009888,1.2327612750653238,0.9988308651597818,7.908163579565205,2566,1.0,0.2772332141442983,0.28661157963097594,0.19686696759583952,74.38271604938271,64.81481481481481,80.24691358024691,58.64197530864198,49.382716049382715,22.839506172839506,23.456790123456788
c00086,watershed,86,8.802500000173454,1.858817219734192,1.245511755993659,0.998298837538985,10.982299908503464,3527,1.0,0.24782411717038444,0.3176318010834317,0.21714263973828593,71.29629629629629,68.82716049382715,89.19753086419753,54.01234567901234,28.39506172839506,41.9753086419753,42.592592592592595
c00087,watershed,87,5.374374999927531,1.8599121570587158,1.2802077527760278,0.9675475197032916,6.903520306863196,2157,1.0,0.25579150337412815,0.36318045204957744,0.2438139539809093,71.60493827160494,76.23456790123457,74.69135802469135,1.2345679012345678,32.71604938271605,63.580246913580254,62.34567901234568
c00088,watershed,88,3.423749999961292,1.8916394710540771,1.3167010777058883,0.9846715328467154,4.50970119115473,1370,1.0,0.25651969983888023,0.27956389930192943,0.19108524850889472,76.23456790123457,83.0246913580247,59.25925925925925,15.123456790123457,33.95061728395062,18.51851851851852,18.209876543209877
c00089,watershed,89,3.3162499999385906,1.859912633895874,1.3566657962872795,0.9849962490622656,4.521088766139452,1333,1.0,0.2773648994937346,0.3465242134525153,0.23577769126673637,71.91358024691358,90.12345679012346,59.876543209876544,16.049382716049383,49.691358024691354,59.25925925925925,58.64197530864198
c00090,watershed,90,2.8243750001574517,1.8257858753204346,1.276343442106156,0.9849424269264836,3.602479365354261,1129,1.0,0.30989674586763716,0.43966128074041,0.29073322562493276,69.44444444444444,75.0,49.382716049382715,15.74074074074074,72.22222222222221,87.34567901234568,86.72839506172839
c00091,watershed,91,2.823749999821594,1.8228511810302734,1.2988996360642238,0.98125,3.636918980989554,1120,1.0,0.3606433957994014,0.4660185326240814,0.2999058126042503,68.82716049382715,80.55555555555556,49.691358024691354,9.25925925925926,93.20987654320987,93.51851851851852,92.5925925925926
c00092,watershed,92,3.3837500001705485,1.8128890991210938,1.3536228185976695,0.983125458547322,4.612469754383897,1363,1.0,0.2931242762218211,0.32949508881585216,0.22357364501023763,66.66666666666666,89.19753086419753,60.49382716049383,12.345679012345679,60.802469135802475,48.148148148148145,47.53086419753087
c00093,watershed,93,2.591875000060536,1.89369535446167,1.1451147126746506,0.9924242424242424,3.0231028414691634,1056,1.0,0.25056854501347114,0.3561155958576763,0.23888470578282914,76.5432098765432,45.06172839506173,40.123456790123456,29.32098765432099,29.938271604938272,60.802469135802475,60.49382716049383
c00094,watershed,94,3.2518749998186824,1.8937115669250488,1.0465936304100838,1.0,3.4040457829179025,1301,1.0,0.29698171714551397,0.3013829945945508,0.20769216035715415,76.85185185185185,26.234567901234566,46.60493827160494,83.48765432098766,62.65432098765432,29.01234567901235,29.32098765432099
c00095,watershed,95,2.2237500001068113,1.843238353729248,1.2770026918982953,0.9955357142857143,2.8604860298598327,896,1.0,0.2471121455784619,0.2906240965398875,0.1993159925807164,70.37037037037037,75.61728395061729,37.34567901234568,40.74074074074074,27.469135802469136,24.382716049382715,25.308641975308642
c00096,watershed,96,2.529374999932479,1.9116955995559692,1.18511919782389,0.9940535183349851,2.9894631765187585,1009,1.0,0.30008609727525454,0.4048947015948044,0.27035501028050307,78.70370370370371,54.629629629629626,39.19753086419753,33.0246913580247,65.12345679012346,77.1604938271605,77.46913580246914
c00097,watershed,97,3.783750000054133,1.860565423965454,1.2010028128140673,0.9886211512717537,4.485745505872539,1494,1.0,0.19781439950166713,0.25097939340487196,0.17367171058881878,72.22222222222221,58.333333333333336,58.95061728395061,19.753086419753085,8.641975308641975,10.185185185185185,10.185185185185185
c00098,watershed,98,5.7181250001137975,1.814529538154602,1.280329282723722,1.0,7.393901607749272,2310,1.0,0.2637526954730815,0.30590642020202397,0.2093048251275644,67.28395061728395,76.5432098765432,78.70370370370371,83.48765432098766,38.58024691358025,30.864197530864196,31.790123456790127
c00099,watershed,99,8.188124999846915,1.80885648727417,1.1478482202549825,1.0,9.309049066292808,3244,1.0,0.24678675561078833,0.29147053915078797,0.19786585529955564,65.74074074074075,45.98765432098765,84.5679012345679,83.48765432098766,27.160493827160494,24.691358024691358,24.074074074074073
c00100,watershed,100,6.000624999750871,1.8096532821655273,1.2474828208073803,0.9896093100581879,7.503609167176462,2406,1.0,0.2389164864542653,0.3138232996853079,0.2125380530517247,66.0493827160494,69.1358024691358,79.01234567901234,23.14814814814815,22.530864197530864,38.2716049382716,36.7283950617284
c00101,watershed,101,3.8162499999647848,1.8132247924804688,1.3188806742927457,0.981639344262295,5.028232570754542,1525,1.0,0.3518846579557116,0.4980286906754178,0.322126677336838,66.9753086419753,83.64197530864197,66.35802469135803,11.11111111111111,91.35802469135803,96.91358024691358,96.29629629629629
c00102,watershed,102,6.29437500001426,1.8086702823638916,1.2581241450597795,1.0,7.888438389545917,2508,1.0,0.24137453829180666,0.29980427201201815,0.203718784714982,65.4320987654321,70.98765432098766,79.93827160493827,83.48765432098766,24.382716049382715,28.703703703703702,27.77777777777778
c00103,watershed,103,3.0006250001044825,1.9379781484603882,1.2916612765789282,0.9941275167785235,3.849150604215502,1192,1.0,0.30029453034105685,0.388281067073415,0.25752321541190193,79.93827160493827,78.08641975308642,52.160493827160494,33.33333333333333,66.0493827160494,73.14814814814815,70.67901234567901
c00104,watershed,104,3.775625000104483,1.8256622552871704,1.3164106356096683,0.991430454845089,4.9924873355630215,1517,1.0,0.28109469694761874,0.36741879298464314,0.24696586643102136,69.1358024691358,82.71604938271605,66.0493827160494,27.160493827160494,53.39506172839506,65.4320987654321,64.81481481481481
c00105,watershed,105,4.484999999806169,1.8193861246109009,1.245124982805778,0.9867914144193726,5.655980234410375,1817,1.0,0.2198326145062666,0.27236967908279713,0.18734761285491933,68.51851851851852,68.20987654320987,69.1358024691358,17.59259259259259,12.962962962962962,14.814814814814813,15.123456790123457
c00106,watershed,106,1.6700000000649013,1.8329612016677856,1.3559897156544196,0.9465875370919882,2.2848426708838083,674,1.0,0.11579777836886838,0.17854118133779404,0.1265601586384007,69.75308641975309,89.50617283950618,27.77777777777778,0.30864197530864196,3.0864197530864197,3.3950617283950617,3.7037037037037033
c00107,watershed,107,3.0206250001635637,1.807543158531189,1.2961266672114429,0.9752883031301482,3.933744434997251,1214,1.0,0.3085232643672293,0.4191090895295999,0.2790006791436246,65.12345679012346,79.32098765432099,54.01234567901234,4.320987654320987,71.29629629629629,83.0246913580247,83.64197530864197
c00108,watershed,108,5.745625000233413,1.807515263557434,1.2346826917439837,0.9829991281604185,7.080905237170686,2294,1.0,0.35833532260911527,0.44546162823539015,0.29402187611400543,64.81481481481481,66.0493827160494,76.5432098765432,12.037037037037036,92.28395061728395,90.74074074074075,89.50617283950618
c00109,watershed,109,3.848749999914726,1.812086582183838,1.2549114469236717,0.9955328653477984,4.916115593336634,1567,1.0,0.244028735860655,0.310444471539141,0.2099761475829417,66.35802469135803,70.67901234567901,64.81481481481481,40.4320987654321,25.617283950617285,34.876543209876544,32.407407407407405
c00110,watershed,110,4.266875000259898,1.7987189292907715,1.1885746971036482,0.9970501474926253,5.036585278990181,1695,1.0,0.2832315643895584,0.31348072839469276,0.21297001815924038,63.27160493827161,54.93827160493827,66.66666666666666,47.22222222222222,54.93827160493827,37.96296296296296,37.03703703703704
c00111,watershed,111,5.076875000253786,1.799689769744873,1.19617976287734,0.9941944847605225,6.181258924685189,2067,1.0,0.2907281897356396,0.3056192307143191,0.20924212597391922,63.580246913580254,57.407407407407405,70.67901234567901,33.641975308641975,58.64197530864198,30.246913580246915,31.48148148148148
c00112,watershed,112,4.081250000024738,1.8465971946716309,1.083109029636599,1.0,4.421792613503244,1633,1.0,0.22372444386317,0.2480701015713784,0.17036747337142621,70.67901234567901,31.17283950617284,58.0246913580247,83.48765432098766,14.506172839506174,9.876543209876543,9.876543209876543
c00113,watershed,113,2.6743749998853312,1.7809603214263916,1.289728581115257,0.998139534883721,3.466145561756524,1075,1.0,0.2975931368649652,0.3753770890090529,0.250715797499032,60.802469135802475,77.77777777777779,46.913580246913575,52.77777777777778,63.27160493827161,68.51851851851852,67.28395061728395
c00114,watershed,114,4.5862499999773,1.8174713850021362,1.1481426266276487,0.9923497267759562,5.2527525168355425,1830,1.0,0.2445221692379423,0.3100150595089061,0.21036716349521722,67.90123456790124,46.2962962962963,68.20987654320987,28.703703703703702,25.925925925925924,33.641975308641975,32.71604938271605
c00115,watershed,115,5.325000000194996,1.7869205474853516,1.1947881110151795,0.9985981308411215,6.392116393948307,2140,1.0,0.24109601073289874,0.287834505637684,0.19650992704032977,62.34567901234568,56.481481481481474,71.91358024691358,57.098765432098766,24.074074074074073,23.14814814814815,22.839506172839506
c00116,watershed,116,2.048125000008149,1.8814316987991333,1.195027330041151,0.9803921568627451,2.4378557532904686,816,1.0,0.24720314227127038,0.31193082512735737,0.21214100537415348,75.0,56.79012345679012,30.555555555555557,8.641975308641975,27.77777777777778,36.41975308641975,35.49382716049383
c00117,watershed,117,5.3500000001120505,1.76024329662323,1.238363711532449,0.994392523364486,6.625245856716323,2140,1.0,0.24954135617273257,0.3101569989168621,0.2107675844098509,59.25925925925925,66.66666666666666,72.53086419753086,35.18518518518518,29.32098765432099,34.5679012345679,33.33333333333333
c00118,watershed,118,9.48687499996391,1.7951942682266235,1.2018301496221637,0.9913702928870293,11.489496230418618,3824,1.0,0.2515312022881897,0.3111346839211128,0.2118419991745685,62.65432098765432,58.95061728395061,91.0493827160494,26.543209876543212,30.246913580246915,36.11111111111111,35.18518518518518
c00119,watershed,119,2.9868750000250293,1.8171989917755127,1.2693042615071857,0.974188176519567,3.811086045185519,1201,1.0,0.2620182540529472,0.3100438153655432,0.21092210990906377,67.5925925925926,73.4567901234568,51.54320987654321,4.012345679012346,37.65432098765432,33.95061728395062,34.25925925925926
c00120,watershed,120,5.57749999987078,1.7648338079452515,1.2346401697666216,0.997305792546026,6.873859145194052,2227,1.0,0.29419337401188944,0.3724201964144313,0.24969989785129254,59.876543209876544,65.74074074074075,74.38271604938271,48.76543209876543,61.419753086419746,67.5925925925926,66.66666666666666
c00121,watershed,121,3.0768750001373695,1.8058881759643555,1.2031493912272504,0.998389694041868,3.7357788597706048,1242,1.0,0.3458943234686931,0.38634391542630164,0.2579039013398994,64.19753086419753,59.5679012345679,50.617283950617285,54.93827160493827,89.19753086419753,72.53086419753086,70.98765432098766
c00122,watershed,122,3.8974999997596025,1.8355064392089844,1.1581525712468888,0.9961489088575096,4.5110042650186974,1558,1.0,0.2280448166258959,0.2920472366233092,0.1968589911575549,70.06172839506173,47.22222222222222,59.5679012345679,43.20987654320987,16.049382716049383,25.0,23.14814814814815
c00123,watershed,123,2.026874999709544,1.8175151348114014,1.311957089176578,0.980319803198032,2.6665527837585272,813,1.0,0.3242517723781385,0.4460659746075777,0.29614711249889414,68.20987654320987,81.79012345679013,34.5679012345679,8.333333333333332,79.32098765432099,91.35802469135803,91.35802469135803
c00124,watershed,124,3.1075000000736326,1.7770878076553345,1.253451590925431,0.9991915925626516,3.8762990449472636,1237,1.0,0.2807359038714977,0.34431296555330465,0.2323950857760068,60.18518518518518,69.75308641975309,53.086419753086425,61.72839506172839,52.77777777777778,58.0246913580247,56.79012345679012
c00125,watershed,125,6.995624999895808,1.7863596677780151,1.241609597008365,0.999639379733141,8.607458531283514,2773,1.0,0.2327419362877994,0.3183027201759979,0.215441303417663,62.03703703703704,67.5925925925926,82.71604938271605,65.12345679012346,18.51851851851852,42.28395061728395,40.123456790123456
c00126,watershed,126,7.8018749999176356,1.8070122003555298,1.1913831120861011,1.0,9.310659020977784,3126,1.0,0.2666868514997548,0.31320921356958886,0.2139412709059976,64.50617283950618,55.8641975308642,84.87654320987654,83.48765432098766,41.358024691358025,37.65432098765432,38.58024691358025
c00127,watershed,127,4.528124999486318,1.7638260126113892,1.1287188746312253,1.0,5.158245257078497,1828,1.0,0.23097513788275426,0.2632471982351348,0.17979735560017207,59.5679012345679,40.74074074074074,67.28395061728395,83.48765432098766,17.28395061728395,11.728395061728394,11.419753086419753
c00128,watershed,128,2.5975000000186266,1.781067967414856,1.2647224782372606,0.9769673704414588,3.294602055816876,1042,1.0,0.3038515057250343,0.40671041391888363,0.2712509209577751,61.111111111111114,71.91358024691358,44.135802469135804,5.864197530864197,67.90123456790124,78.39506172839506,78.08641975308642
c00129,watershed,129,5.9593750000916765,1.7382750511169434,1.2199714376233788,1.0,7.264929911066653,2382,1.0,0.30953568238745427,0.3839569762526047,0.2586315997374958,57.71604938271605,62.34567901234568,77.77777777777779,83.48765432098766,71.91358024691358,71.60493827160494,72.22222222222221
c00130,watershed,130,9.421249999907163,1.7346298694610596,1.1423450466324632,0.9992025518341308,10.743755163607053,3762,1.0,0.22623118736393155,0.27549310982330333,0.1853407180138644,57.407407407407405,44.44444444444444,88.58024691358025,62.34567901234568,15.123456790123457,16.358024691358025,14.506172839506174
c00131,watershed,131,1.6249999999490683,1.7468870878219604,1.2244133905648733,0.990909090909091,2.020282094437445,660,1.0,0.37045668769856305,0.4105641107975077,0.27609632667436124,58.64197530864198,62.65432098765432,23.765432098765434,25.925925925925924,96.29629629629629,80.24691358024691,80.55555555555556
c00132,watershed,132,4.29999999984284,1.7421976327896118,1.2675217138959634,0.9994114184814596,5.3837984797875045,1699,1.0,0.23566340643046774,0.3276253984306652,0.22195350204517644,58.333333333333336,72.53086419753086,68.51851851851852,63.888888888888886,20.37037037037037,46.913580246913575,45.67901234567901
c00133,watershed,133,2.70437499978987,1.7185579538345337,1.2313611333255041,0.9762122598353157,3.36469429682094,1093,1.0,0.3587325987393381,0.4376106772479743,0.2897089740849801,56.17283950617284,64.50617283950618,45.370370370370374,5.555555555555555,92.5925925925926,86.72839506172839,86.41975308641975
c00134,watershed,134,9.541249999723222,1.7177311182022095,1.1608054355395927,0.9963215974776668,11.045063719188768,3806,1.0,0.27740220665521886,0.32435465555871207,0.22025595703812492,55.8641975308642,48.148148148148145,89.50617283950618,45.06172839506173,50.308641975308646,45.06172839506173,44.44444444444444
c00135,watershed,135,4.018749999861757,1.7582160234451294,1.2958100030306825,0.9918851435705368,5.189719062151765,1602,1.0,0.2645240529892792,0.4002072559176327,0.2662093533263205,58.95061728395061,79.01234567901234,67.5925925925926,28.08641975308642,39.19753086419753,75.61728395061729,74.69135802469135
c00136,watershed,136,3.9374999999956346,1.7263035774230957,1.17226304623169,0.9936588459099556,4.6216470597808,1577,1.0,0.23969128400233977,0.27357748823517314,0.18835220271204192,56.79012345679012,51.23456790123457,61.111111111111114,31.790123456790127,23.765432098765434,15.432098765432098,16.049382716049383
c00137,watershed,137,5.891250000152506,1.7409193515777588,1.1942011039834934,0.9987304274227676,7.054743021801357,2363,1.0,0.31163810374676326,0.40876872070699544,0.27336366580715554,58.0246913580247,56.17283950617284,75.92592592592592,57.407407407407405,72.8395061728395,79.62962962962963,79.62962962962963
c00138,watershed,138,8.978125000026195,1.7843940258026123,1.0660299841841991,0.9994425863991081,9.562288958157843,3588,1.0,0.23918541386537026,0.2954674780738339,0.20254793349837547,61.419753086419746,28.39506172839506,86.11111111111111,64.50617283950618,23.14814814814815,25.925925925925924,25.925925925925924
c00139,watershed,139,2.9406250001629815,1.7005181312561035,1.2981952763245075,0.9856540084388186,3.8459035061216404,1185,1.0,0.3445905511616816,0.4070855452122313,0.27153359400764016,53.70370370370371,80.24691358024691,51.85185185185185,16.666666666666664,87.96296296296296,78.70370370370371,78.70370370370371
c00140,watershed,140,2.3700000002075097,1.784796953201294,1.091419187850768,1.0,2.613948954909581,958,1.0,0.2561852806996612,0.32383490282239186,0.22045539773426812,61.72839506172839,33.33333333333333,33.33333333333333,83.48765432098766,33.641975308641975,44.135802469135804,44.75308641975309
c00141,watershed,141,7.69250000031636,1.6834450960159302,1.1755047337388729,0.9970939618986115,9.101345400997568,3097,1.0,0.26419223314729534,0.28909746853019425,0.1958146656640558,51.23456790123457,52.160493827160494,84.25925925925925,47.839506172839506,38.88888888888889,23.765432098765434,22.530864197530864
c00142,watershed,142,4.071249999878055,1.695338249206543,1.2296817915533815,1.0,4.940246597578924,1607,1.0,0.19692288355674856,0.26437400376231374,0.18219335688455945,53.086419753086425,63.888888888888886,65.4320987654321,83.48765432098766,8.333333333333332,12.345679012345679,13.271604938271606
c00143,watershed,143,6.087499999938882,1.8001091480255127,1.087741141591634,1.0,6.599869376624892,2427,1.0,0.3305366574945089,0.4097606730858017,0.2765948603579023,63.888888888888886,33.0246913580247,72.22222222222221,83.48765432098766,81.48148148148148,79.93827160493827,81.79012345679013
c00144,watershed,144,2.363749999929569,1.7129004001617432,1.2624611076163619,0.9873684210526316,2.998345130596879,950,1.0,0.2726656607790801,0.28325339513514153,0.19575691106399062,55.24691358024691,71.29629629629629,39.81481481481482,17.901234567901234,44.75308641975309,20.37037037037037,22.22222222222222
c00145,watershed,145,2.339375000026775,1.694542407989502,1.3332358155549806,0.9839743589743589,3.1197718084069996,936,1.0,0.2965556803311468,0.3640961266387844,0.24453167995974695,52.77777777777778,86.41975308641975,42.592592592592595,14.19753086419753,62.03703703703704,63.888888888888886,62.96296296296296
c00146,watershed,146,5.14187499991647,1.7799371480941772,1.2137659734798034,0.9961501443695862,6.305514232244445,2078,1.0,0.27740282479741074,0.33665853545463853,0.22953315277502054,60.49382716049383,60.49382716049383,71.29629629629629,43.51851851851852,50.617283950617285,52.77777777777778,53.70370370370371
c00147,watershed,147,4.124375000014843,1.714684247970581,1.1314564654850456,0.9963855421686747,4.6955443317754995,1660,1.0,0.29891640028105115,0.3294128489937454,0.22466544274839065,55.55555555555556,41.9753086419753,62.65432098765432,45.370370370370374,63.888888888888886,47.839506172839506,49.074074074074076
c00148,watershed,148,7.266874999268912,1.6875638961791992,1.2266756414116733,0.9979152189020153,8.825931239980598,2878,1.0,0.23449343651312476,0.2863185372480597,0.1939444160026889,52.160493827160494,63.27160493827161,83.64197530864197,51.54320987654321,19.1358024691358,22.22222222222222,20.37037037037037
c00149,watershed,149,1.5824999999644933,1.7027508020401,1.14024190987809,0.9684044233807267,1.804432822386904,633,1.0,0.26203239230385905,0.3405072238726109,0.23240965221620746,54.01234567901234,43.82716049382716,20.37037037037037,1.8518518518518516,37.96296296296296,55.24691358024691,57.098765432098766
c00150,watershed,150,3.6056250002374868,1.7252240180969238,1.2700670851385536,0.9958592132505176,4.600818015926716,1449,1.0,0.3494691923278409,0.46554553627693784,0.30207025356104145,56.481481481481474,73.76543209876543,60.18518518518518,41.9753086419753,90.4320987654321,93.20987654320987,93.20987654320987
c00151,watershed,151,3.7974999998934797,1.6970816850662231,1.2710317808452223,0.9801849405548216,4.810855290512035,1514,1.0,0.3606562630244682,0.4879881633431262,0.3171146231820145,53.39506172839506,74.07407407407408,63.580246913580254,8.024691358024691,93.51851851851852,95.98765432098766,95.67901234567901
c00152,watershed,152,2.7274999999668217,1.7116588354110718,1.2645927792999847,0.984573502722323,3.4839531069807763,1102,1.0,0.3436809091901808,0.4422465107755295,0.29369082967115223,54.93827160493827,71.60493827160494,47.53086419753087,14.814814814814813,87.65432098765432,89.19753086419753,89.19753086419753
c00153,watershed,153,2.5312499999010467,1.67049241065979,1.3154343421592103,0.9891411648568608,3.3313374715271107,1013,1.0,0.27009100615549814,0.33234748317794965,0.22631027823644104,49.691358024691354,82.4074074074074,45.06172839506173,21.604938271604937,43.20987654320987,50.308641975308646,50.308641975308646
c00154,watershed,154,2.2318749999007563,1.6836189031600952,1.211892620960388,0.9944071588366891,2.708580007853712,894,1.0,0.26497515789780113,0.30702378990489787,0.21113375079799104,51.54320987654321,60.18518518518518,35.49382716049383,35.49382716049383,40.123456790123456,31.48148148148148,34.876543209876544
c00155,watershed,155,5.557500000009605,1.672499418258667,1.1060070096911632,1.0,6.163224061520491,2229,1.0,0.19133492994391094,0.23918892930300673,0.1647289649531893,50.0,36.7283950617284,70.37037037037037,83.48765432098766,6.172839506172839,7.716049382716049,7.716049382716049
c00156,watershed,156,2.691875000117288,1.680671215057373,1.2260026619881117,1.0,3.3285972273066267,1086,1.0,0.29018318396801235,0.42242395711969094,0.280115262717603,50.617283950617285,62.96296296296296,44.75308641975309,83.48765432098766,58.333333333333336,84.25925925925925,83.9506172839506
c00157,watershed,157,3.9381249999982524,1.7039058208465576,1.2385524044127698,0.9918136020151134,4.917053045531849,1588,1.0,0.2265008889748059,0.27326052724085165,0.1875905201928318,54.32098765432099,66.9753086419753,65.12345679012346,27.77777777777778,15.432098765432098,15.123456790123457,15.432098765432098
c00158,watershed,158,3.3362500001461015,1.6399372816085815,1.2183807627141208,0.9992520568436799,4.072437699382842,1337,1.0,0.34349527205924785,0.4083801311190842,0.27021729815891493,46.60493827160494,61.72839506172839,54.93827160493827,62.65432098765432,87.34567901234568,79.32098765432099,77.1604938271605
c00159,watershed,159,3.660000000220898,1.65818452835083,1.201404123170764,0.9892617449664429,4.475230358823065,1490,1.0,0.19532122242918495,0.24308203323976257,0.1680811582659218,48.148148148148145,58.64197530864198,58.64197530864198,21.91358024691358,7.4074074074074066,9.25925925925926,8.950617283950617
c00160,watershed,160,4.354374999837892,1.6930725574493408,1.1075304761106755,0.9942759015455066,4.837139354426314,1747,1.0,0.24399020528852594,0.3091488061837613,0.2109487820998224,52.46913580246913,37.34567901234568,63.888888888888886,34.25925925925926,25.308641975308642,33.0246913580247,34.5679012345679
c00161,watershed,161,2.4543749998553537,1.7979557514190674,1.2508197116205548,0.9756592292089249,3.0832705891529146,986,1.0,0.3689790277896658,0.4450852896886807,0.2954218564165858,62.96296296296296,69.44444444444444,41.66666666666667,4.938271604938271,95.98765432098766,90.4320987654321,90.74074074074075
c00162,watershed,162,6.478124999772989,1.6844969987869263,1.0802906190256307,0.9927119294207902,7.04079410951838,2607,1.0,0.2797640235334735,0.32776288376580376,0.22287733251896893,51.85185185185185,30.864197530864196,75.61728395061729,30.555555555555557,51.85185185185185,47.22222222222222,46.913580246913575
c00163,watershed,163,4.401250000008149,1.670262098312378,1.184790069507277,0.9988700564971752,5.242696057583724,1770,1.0,0.22149005036751476,0.2749962701426604,0.18935746273544987,49.074074074074076,54.01234567901234,67.90123456790124,59.25925925925925,13.88888888888889,15.74074074074074,16.358024691358025
c00164,watershed,164,2.0562499999883586,1.6387345790863037,1.2547160028114879,0.9903498190591074,2.600398915833764,829,1.0,0.27987263748135804,0.2978254539274412,0.20504960862340277,45.98765432098765,70.37037037037037,32.407407407407405,25.0,52.160493827160494,27.77777777777778,28.703703703703702
c00165,watershed,165,4.204999999935097,1.6243268251419067,1.0844051877884937,1.0,4.6195660999913395,1704,1.0,0.2086305000121738,0.2652218553517654,0.18339561083849876,44.135802469135804,31.48148148148148,60.802469135802475,83.48765432098766,10.493827160493826,12.962962962962962,13.580246913580247
c00166,watershed,166,4.512500000030559,1.6545722484588623,1.100388318399368,1.0,4.962751315994424,1804,1.0,0.21853780577306672,0.3388042681215392,0.22892904079955173,47.53086419753087,35.18518518518518,65.74074074074075,83.48765432098766,12.345679012345679,54.32098765432099,52.46913580246913
c00167,watershed,167,2.4443749998541904,1.6589051485061646,1.1958161010251218,0.9949341438703141,2.9506762292873807,987,1.0,0.30625416329635485,0.40248209035318855,0.2699829570315457,48.45679012345679,57.098765432098766,38.58024691358025,37.03703703703704,70.06172839506173,76.85185185185185,76.5432098765432
c00168,watershed,168,2.6306250001036093,1.6690559387207031,1.2727492429298473,0.9754716981132076,3.3727854937731165,1060,1.0,0.2901730158362799,0.3724800557963134,0.2523722769749121,48.76543209876543,74.38271604938271,45.67901234567901,4.62962962962963,58.0246913580247,67.90123456790124,68.51851851851852
c00169,watershed,169,1.838749999878637,1.6315251588821411,1.268100342332825,0.9944979367262724,2.3047723721960742,727,1.0,0.32381668906192623,0.47085067203379727,0.30850407192915397,44.75308641975309,72.8395061728395,28.08641975308642,36.11111111111111,78.70370370370371,93.82716049382715,94.44444444444444
c00170,watershed,170,5.501874999994761,1.6453747749328613,1.214253559038693,0.9773448119619392,6.699644012013908,2207,1.0,0.28739214580011285,0.3835044388307205,0.2538834196096376,46.913580246913575,61.111111111111114,73.14814814814815,6.172839506172839,55.8641975308642,70.98765432098766,68.82716049382715
c00171,watershed,171,8.693125000199652,1.6160236597061157,1.1143914495747784,0.9997118155619596,9.667345825087061,3470,1.0,0.21580296295731194,0.23967835017994935,0.16593475564604457,42.901234567901234,38.58024691358025,86.41975308641975,66.0493827160494,11.728395061728394,8.024691358024691,8.333333333333332
c00172,watershed,172,5.717500000140281,1.6805920600891113,1.1714373731534387,1.0,6.647907092663546,2270,1.0,0.26858863722103254,0.33489971962434795,0.2270164165333485,50.308641975308646,50.308641975308646,72.8395061728395,83.48765432098766,42.901234567901234,51.23456790123457,51.54320987654321
c00173,watershed,173,5.049999999967985,1.6147419214248657,1.1979771932592567,0.9920713577799801,6.043794940009115,2018,1.0,0.2764068347147715,0.34189215636634723,0.23349422858122487,41.66666666666667,57.71604938271605,70.06172839506173,28.39506172839506,48.45679012345679,56.17283950617284,57.407407407407405
c00174,watershed,174,2.689375000106811,1.6370925903320312,1.0943833115040709,0.9990825688073395,2.98219452385657,1090,1.0,0.23766658917577957,0.26357806028653946,0.18186837373899967,45.67901234567901,34.25925925925926,38.88888888888889,60.49382716049383,21.91358024691358,12.037037037037036,12.345679012345679
c00175,watershed,175,1.6393749999423743,1.629614233970642,1.101224502738815,0.989329268292683,1.8060081844964875,656,1.0,0.29493932296461955,0.3688439711667902,0.25008078537179823,44.44444444444444,35.80246913580247,20.679012345679013,22.22222222222222,61.72839506172839,66.0493827160494,66.9753086419753
c00176,watershed,176,1.745000000061991,1.654616117477417,1.2172465579986402,0.9815340909090909,2.142353942083337,704,1.0,0.29084207824620834,0.35300048783286414,0.23869192068912296,47.839506172839506,61.419753086419746,25.617283950617285,10.493827160493826,58.95061728395061,59.876543209876544,60.18518518518518
c00177,watershed,177,2.638124999813445,1.6152681112289429,1.2138106801619566,0.9981024667931688,3.1983911422353106,1054,1.0,0.3487440352188215,0.4415835818857809,0.29293156634542283,42.592592592592595,60.802469135802475,42.901234567901234,52.160493827160494,89.81481481481481,88.58024691358025,88.58024691358025
c00178,watershed,178,2.561875000038126,1.6232631206512451,1.0865039421330367,1.0,2.800463910855393,1031,1.0,0.2787505337606127,0.3352808710144226,0.22679828019557932,43.82716049382716,32.098765432098766,36.7283950617284,83.48765432098766,51.54320987654321,51.85185185185185,51.23456790123457
c00179,watershed,179,3.9306249998984275,1.5929667949676514,1.1756906081424747,0.9886721208307111,4.670430940858473,1589,1.0,0.3157680122453881,0.38588206175918016,0.2595100435290229,39.50617283950617,52.46913580246913,62.34567901234568,20.37037037037037,76.23456790123457,72.22222222222221,72.8395061728395
c00180,watershed,180,2.09937499980384,1.670448899269104,1.1740237442453108,0.9808383233532935,2.4507745661186413,835,1.0,0.33313411081828476,0.41694072423171674,0.27850751672909246,49.382716049382715,51.85185185185185,31.17283950617284,8.950617283950617,82.09876543209876,82.71604938271605,83.33333333333334
c00181,watershed,181,4.5437500000669395,1.602449655532837,1.1241705086695295,1.0,5.140269650905172,1829,1.0,0.259271913757192,0.3100924369478083,0.2107779647089566,40.4320987654321,39.81481481481482,66.9753086419753,83.48765432098766,35.18518518518518,34.25925925925926,33.641975308641975
c00182,watershed,182,3.4018750001810254,1.633809208869934,1.2296697911563124,0.9963208241353937,4.177803115464746,1359,1.0,0.3403559324366371,0.4536255897524107,0.29739671830927283,45.370370370370374,63.580246913580254,55.55555555555556,44.75308641975309,86.11111111111111,92.90123456790124,91.66666666666666
c00183,watershed,183,4.351250000142027,1.6391911506652832,1.10051735166052,1.0,4.845027640698398,1761,1.0,0.23949025585991318,0.29301472567257375,0.19872546325953222,46.2962962962963,35.49382716049383,64.19753086419753,83.48765432098766,23.456790123456788,25.617283950617285,25.0
c00184,watershed,184,2.320624999997672,1.6149673461914062,1.112193081606874,0.9989406779661016,2.6247756725992435,944,1.0,0.2882445328463589,0.41395592441644896,0.2746326268798651,42.28395061728395,38.2716049382716,33.641975308641975,59.5679012345679,56.481481481481474,81.79012345679013,79.93827160493827
c00185,watershed,185,3.3356249998888226,1.6523375511169434,1.00793332911652,0.9955489614243324,3.3967353191317575,1348,1.0,0.2184308539378826,0.27647059829261816,0.19032974043757997,47.22222222222222,20.679012345679013,46.2962962962963,41.04938271604938,12.037037037037036,16.666666666666664,17.28395061728395
c00186,watershed,186,1.9700000000052387,1.5961885452270508,1.189883653004126,0.9886649874055415,2.3619190512195076,794,1.0,0.23120369823456355,0.22368091056286754,0.156648757188188,39.81481481481482,55.55555555555556,29.629629629629626,20.061728395061728,17.901234567901234,5.246913580246913,5.246913580246913
c00187,watershed,187,2.9656250000174627,1.57712721824646,1.19832485726872,0.9899328859060402,3.571008074670337,1192,1.0,0.3220770493026864,0.43085198387686263,0.2868292890083624,37.03703703703704,58.0246913580247,49.074074074074076,24.074074074074073,78.08641975308642,85.80246913580247,85.80246913580247
c00188,watershed,188,5.147499999954599,1.5915464162826538,1.141441276048919,0.9961538461538462,5.935494635470255,2080,1.0,0.24368389781385194,0.3296477484621958,0.22206359639145956,39.19753086419753,44.135802469135804,69.75308641975309,43.82716049382716,25.0,48.45679012345679,45.98765432098765
c00189,watershed,189,3.311875000134169,1.5897915363311768,1.009136424204871,0.9887808526551982,3.3730384979138033,1337,1.0,0.23011743871997964,0.2803290684861237,0.1925027256713052,38.58024691358025,21.296296296296298,45.98765432098765,20.679012345679013,16.666666666666664,19.1358024691358,19.753086419753085
c00190,watershed,190,2.4843749998311973,1.5802124738693237,1.2536524233668287,0.9898477157360406,3.087119092549073,985,1.0,0.32839156588241997,0.44038782175279206,0.29286916723316936,38.2716049382716,70.06172839506173,41.9753086419753,23.765432098765434,80.24691358024691,87.65432098765432,88.27160493827161
c00191,watershed,191,1.5256249997566917,1.5791873931884766,1.1727298127672028,0.9785123966942149,1.7737538418151384,605,1.0,0.35899697486886256,0.44063996855173904,0.2923015982939948,37.34567901234568,51.54320987654321,19.753086419753085,7.098765432098765,92.90123456790124,87.96296296296296,87.65432098765432
c00192,watershed,192,2.0962499998140265,1.6326836347579956,1.1710708348084988,0.9735894357743097,2.438755013495222,833,1.0,0.33852768251949256,0.37982219117005855,0.25596831994964514,45.06172839506173,50.0,30.864197530864196,3.7037037037037033,85.18518518518519,69.1358024691358,69.75308641975309
c00193,watershed,193,2.310625000143482,1.6043018102645874,1.09384155122173,0.9978401727861771,2.5322431910850787,926,1.0,0.2649178809109926,0.3105821462432005,0.21320496736230937,41.04938271604938,33.95061728395062,32.098765432098766,51.23456790123457,39.81481481481482,35.18518518518518,37.65432098765432
c00194,watershed,194,2.188125000036089,1.6147890090942383,1.0748361653103178,0.9988545246277205,2.3458299307960435,873,1.0,0.2913990159496919,0.3826245802627804,0.25421892492588605,41.9753086419753,29.938271604938272,28.703703703703702,58.95061728395061,59.876543209876544,69.75308641975309,69.44444444444444
c00195,watershed,195,5.741250000133586,1.5670968294143677,1.0788087773107062,1.0,6.251696864532265,2318,1.0,0.24506746555352651,0.2986021374260669,0.20285441849846475,36.41975308641975,30.555555555555557,70.98765432098766,83.48765432098766,26.851851851851855,28.08641975308642,26.851851851851855
c00196,watershed,196,4.387499999807916,1.7066773176193237,0.9339685457802954,1.0,4.118801286902119,1764,1.0,0.13459500141012318,0.01788039655459292,0.013171841390520354,54.629629629629626,13.271604938271606,55.24691358024691,83.48765432098766,3.3950617283950617,1.5432098765432098,1.5432098765432098
c00197,watershed,197,1.6262500000387081,1.554725170135498,1.1649690246209503,0.9893939393939394,1.9221988906297094,660,1.0,0.29857592453113074,0.4057782966093111,0.2722586015574077,35.18518518518518,48.76543209876543,22.530864197530864,22.839506172839506,63.580246913580254,77.77777777777779,79.32098765432099
c00198,watershed,198,1.668125000022119,1.5684584379196167,1.1719008191306861,0.9731743666169895,1.965863624096984,671,1.0,0.31454601182093084,0.33550921529713157,0.2295128595328666,36.7283950617284,50.617283950617285,23.14814814814815,3.3950617283950617,74.38271604938271,52.160493827160494,53.39506172839506
c00199,watershed,199,4.445000000038708,1.6045564413070679,1.0380434036271597,0.9994391475042064,4.627078471680441,1783,1.0,0.26005374774286344,0.3057208516754809,0.20836961213194435,41.358024691358025,25.0,61.72839506172839,64.19753086419753,36.11111111111111,30.555555555555557,29.938271604938272
c00200,watershed,200,1.7149999999610008,1.5912818908691406,1.2418396422843427,0.983941605839416,2.1266503874176252,685,1.0,0.259506555100622,0.32818989958618333,0.22590380362228293,38.88888888888889,67.90123456790124,25.0,13.88888888888889,35.80246913580247,47.53086419753087,50.0
c00201,watershed,201,1.7418750000561707,1.7302113771438599,1.126309357016859,0.9929577464788732,1.999199108710272,710,1.0,0.28818243197785903,0.326819336536525,0.22350938014754898,57.098765432098766,40.123456790123456,23.456790123456788,30.864197530864196,56.17283950617284,46.60493827160494,47.22222222222222
c00202,watershed,202,3.666250000263099,1.6176713705062866,1.0068998949081411,1.0,3.717977861958256,1477,1.0,0.21331917081307986,0.22923385396571122,0.15836989614497554,43.20987654320987,20.37037037037037,50.308641975308646,83.48765432098766,11.419753086419753,6.172839506172839,5.864197530864197
c00203,watershed,203,2.7687500001033185,1.579980492591858,1.165241631772369,1.0,3.2626765689713606,1120,1.0,0.3211515976724161,0.4135163448959006,0.2764293530610793,37.96296296296296,49.074074074074076,43.51851851851852,83.48765432098766,77.77777777777779,81.48148148148148,81.48148148148148
c00204,watershed,204,9.469374999827997,1.68213951587677,1.1849261429278475,0.9989473684210526,11.25679835784466,3800,1.0,0.25934659465089316,0.3125524661119211,0.21228409830984804,50.92592592592593,54.32098765432099,90.74074074074075,59.876543209876544,35.49382716049383,37.03703703703704,35.80246913580247
c00205,watershed,205,4.154374999846624,1.5505362749099731,1.0356038252605912,0.9952295766249255,4.341769037416642,1677,1.0,0.2773682304176777,0.3037256771269704,0.20712205174009965,34.5679012345679,24.382716049382715,57.098765432098766,38.2716049382716,50.0,29.32098765432099,29.01234567901235
c00206,watershed,206,3.4124999999970895,1.5496962070465088,1.1238203050863584,0.9891067538126361,3.868751400270137,1377,1.0,0.2579218643339729,0.27938691396085014,0.1918807276928094,34.25925925925926,39.50617283950617,52.46913580246913,21.296296296296298,34.5679012345679,18.209876543209877,19.1358024691358
c00207,watershed,207,1.4225000001132142,1.5631362199783325,1.165846017194166,0.9930675909878682,1.681732879807083,577,1.0,0.3326933943952136,0.41428289456373507,0.27767549050611323,36.11111111111111,49.382716049382715,17.28395061728395,31.17283950617284,81.79012345679013,82.09876543209876,82.71604938271605
c00208,watershed,208,2.1881250000506407,1.532762050628662,1.2023592733426038,0.985244040862656,2.6481962995441686,881,1.0,0.373662947205575,0.4909095678385923,0.3224053949278304,31.48148148148148,59.25925925925925,34.25925925925926,16.358024691358025,97.22222222222221,96.29629629629629,96.60493827160494
c00209,watershed,209,1.3443750000419095,1.5799471139907837,1.1053896431517864,0.9815837937384899,1.5005664405825638,543,1.0,0.2380769842461569,0.3107246144455398,0.2124506432789479,37.65432098765432,36.41975308641975,14.506172839506174,10.802469135802468,22.22222222222222,35.49382716049383,36.11111111111111
c00210,watershed,210,1.4731249999179272,1.5508501529693604,1.145928441570495,0.9932318104906938,1.693109272424935,591,1.0,0.33453551761737305,0.3650542924692853,0.24803059462510338,34.876543209876544,45.370370370370374,17.901234567901234,31.48148148148148,82.71604938271605,64.50617283950618,65.12345679012346
c00211,watershed,211,1.3087500000090222,1.6033750772476196,1.1587807771384604,0.9924953095684803,1.5440753855411287,533,1.0,0.29220811444712186,0.3833048777472153,0.2587345314006052,40.74074074074074,47.53086419753087,15.432098765432098,29.629629629629626,60.49382716049383,70.67901234567901,72.53086419753086
c00212,watershed,212,2.5287500001990706,1.5356494188308716,1.061452732395892,0.9970588235294118,2.7067044676167646,1020,1.0,0.324225458318332,0.3315628923601142,0.22435782606878882,32.098765432098766,28.08641975308642,35.18518518518518,47.53086419753087,79.01234567901234,49.691358024691354,48.76543209876543
c00213,watershed,213,3.0087499999435385,1.5444614887237549,1.1674837840673251,0.9966914805624483,3.5287197373529287,1209,1.0,0.3353985493318813,0.4249120595162204,0.28174669649989076,33.33333333333333,49.691358024691354,48.148148148148145,46.2962962962963,83.9506172839506,85.18518518518519,84.87654320987654
c00214,watershed,214,2.1331250000398723,1.547190546989441,1.048143869139854,0.9813302217036173,2.2456482396381436,857,1.0,0.293132491766321,0.29681988832428696,0.20328901703138558,33.95061728395062,26.543209876543212,27.160493827160494,9.5679012345679,61.111111111111114,26.851851851851855,27.469135802469136
c00215,watershed,215,2.584374999577994,1.5616730451583862,1.0697096226744152,0.9990272373540856,2.7491537302806,1028,1.0,0.2896215361237878,0.3701794491130299,0.24849739371498614,35.80246913580247,28.703703703703702,36.11111111111111,60.18518518518518,57.407407407407405,66.35802469135803,65.74074074074075
c00216,watershed,216,1.460000000197615,1.5574188232421875,1.159839104943243,0.9949066213921901,1.7078630820334937,589,1.0,0.31480105193019114,0.4131998196968528,0.2761948163099693,35.49382716049383,47.839506172839506,18.51851851851852,36.41975308641975,74.69135802469135,81.17283950617285,80.8641975308642
c00217,watershed,217,4.017500000215951,1.530918002128601,0.9406701600023274,1.0,3.7673839908193982,1602,1.0,0.2734530654971382,0.28567532405469676,0.1951005453629444,31.17283950617284,14.506172839506174,50.92592592592593,83.48765432098766,45.67901234567901,21.91358024691358,21.91358024691358
c00218,watershed,218,1.753750000114669,1.5137547254562378,1.1522689583671974,0.9943661971830986,2.045277401107246,710,1.0,0.32227671834876204,0.40174532396651186,0.2707250078337183,29.629629629629626,46.60493827160494,24.074074074074073,34.876543209876544,78.39506172839506,76.23456790123457,77.77777777777779
c00219,watershed,219,3.5612500000369622,1.5205427408218384,1.0437674332636495,1.0,3.778438108424518,1448,1.0,0.25585882382815345,0.2963831110168032,0.20174067319219005,30.246913580246915,25.308641975308642,51.23456790123457,83.48765432098766,33.0246913580247,26.543209876543212,25.617283950617285
c00220,watershed,220,2.5425000000587903,1.52656090259552,1.107583000447399,1.0,2.857564141161933,1032,1.0,0.3046470139724776,0.40522491876085753,0.2684632367765831,30.864197530864196,37.65432098765432,37.03703703703704,83.48765432098766,68.51851851851852,77.46913580246914,75.61728395061729
c00221,watershed,221,1.6018749998405113,1.4988280534744263,1.1719143151853366,0.9937597503900156,1.8779926900895254,641,1.0,0.26843371972195834,0.3361015563828639,0.23042378319505755,28.39506172839506,50.92592592592593,22.22222222222222,32.407407407407405,42.28395061728395,52.46913580246913,54.93827160493827
c00222,watershed,222,3.422499999813444,1.5013774633407593,1.1282001799838441,0.9913169319826338,3.897931621854608,1382,1.0,0.23610508834907232,0.2775966744556465,0.1908783985281513,29.01234567901235,40.4320987654321,53.39506172839506,26.234567901234566,20.98765432098765,17.28395061728395,17.901234567901234
c00223,watershed,223,3.4106249999513967,1.5432837009429932,0.9689459835174395,1.0,3.321062358514907,1371,1.0,0.3025953699840911,0.362835985324087,0.24384828066027103,33.0246913580247,18.51851851851852,44.44444444444444,83.48765432098766,66.35802469135803,63.27160493827161,62.65432098765432
c00224,watershed,224,1.5224999998003474,1.5000711679458618,1.1329730585621494,0.988835725677831,1.7759352693009196,627,1.0,0.275963881993524,0.35645597187000777,0.2431210246210485,28.703703703703702,42.592592592592595,20.061728395061728,20.98765432098765,47.839506172839506,61.111111111111114,61.419753086419746
c00225,watershed,225,3.2543750001449374,1.5378164052963257,1.0874702943648937,0.9961656441717791,3.545153159639036,1304,1.0,0.3647229174128217,0.3839142437947097,0.25686796660870326,32.407407407407405,32.71604938271605,48.76543209876543,44.135802469135804,95.06172839506173,71.29629629629629,70.06172839506173
c00226,watershed,226,1.1950000000547152,1.543123483657837,1.1293934831480064,0.9814814814814815,1.372213082028498,486,1.0,0.31223924165567374,0.44962163343738737,0.29973657147263544,32.71604938271605,41.358024691358025,13.271604938271606,10.185185185185185,73.4567901234568,91.66666666666666,92.28395061728395
c00227,watershed,227,1.8243749998940617,1.4830200672149658,1.1780673776168462,0.9904240766073872,2.1529181326005453,731,1.0,0.32839308037329057,0.503291942956874,0.33166581188121474,26.234567901234566,52.77777777777778,25.925925925925924,25.308641975308642,80.55555555555556,97.53086419753086,97.53086419753086
c00228,watershed,228,2.1831250000398725,1.496383547782898,1.1227464252910837,0.9954389965792474,2.4616215374572854,877,1.0,0.3273196351233445,0.38771428962291615,0.2612336959209689,27.469135802469136,39.19753086419753,31.48148148148148,40.123456790123456,79.62962962962963,72.8395061728395,73.14814814814815
c00229,watershed,229,2.1037499999764258,1.475226640701294,1.1442700551627523,0.9988221436984688,2.428713192089438,849,1.0,0.3369217231254824,0.4195045145228019,0.2806190761867083,25.0,44.75308641975309,30.246913580246915,58.333333333333336,84.87654320987654,83.64197530864197,84.25925925925925
c00230,watershed,230,2.2737500000471487,1.483101725578308,1.0513774741996538,0.9901315789473685,2.3971406411816223,912,1.0,0.2822118990740792,0.3536993371490079,0.2399578240995517,26.543209876543212,26.851851851851855,29.938271604938272,24.382716049382715,54.32098765432099,60.49382716049383,60.802469135802475
c00231,watershed,231,2.9187499998588464,1.488544225692749,1.0320235813956662,1.0,2.9980285039624297,1162,1.0,0.14326720716041125,0.1814040370816322,0.12660282590107366,26.851851851851855,23.765432098765434,39.50617283950617,83.48765432098766,3.7037037037037033,4.012345679012346,4.012345679012346
c00232,watershed,232,3.10500000002532,1.4809355735778809,1.139688898823559,0.9959579628132579,3.5244879196212837,1237,1.0,0.2869746157450815,0.33126611009054907,0.2263422914116546,25.925925925925924,43.51851851851852,47.839506172839506,42.901234567901234,55.55555555555556,49.074074074074076,50.617283950617285
c00233,watershed,233,1.5599999998440035,1.600866675376892,1.0767498989455617,0.9984025559105432,1.6851135918543112,626,1.0,0.3053332507087862,0.45305701008532046,0.3008913488055411,40.123456790123456,30.246913580246915,17.59259259259259,55.24691358024691,69.44444444444444,92.28395061728395,92.90123456790124
c00234,watershed,234,2.0949999998146094,1.4584286212921143,1.1075288591921968,1.0,2.3230417821618468,839,1.0,0.35022045565249704,0.41662585914381284,0.27777537585805157,23.14814814814815,37.03703703703704,28.39506172839506,83.48765432098766,90.74074074074075,82.4074074074074,83.0246913580247
c00235,watershed,235,2.571875000098953,1.5148428678512573,1.129070024687239,0.9884057971014493,2.921468688886045,1035,1.0,0.17358777695867691,0.24546342355000883,0.16888704609474386,29.938271604938272,41.04938271604938,38.2716049382716,19.1358024691358,4.938271604938271,9.5679012345679,9.5679012345679
c00236,watershed,236,1.58249999997759,1.502130389213562,1.051452046105746,1.0,1.6796946436584221,639,1.0,0.2538037362757127,0.3169258790234898,0.21712516835794513,29.32098765432099,27.160493827160494,16.97530864197531,83.48765432098766,31.17283950617284,41.04938271604938,42.28395061728395
c00237,watershed,237,3.8681250000119323,1.4631671905517578,1.031768416903005,0.9993552546744036,4.000682036552103,1551,1.0,0.23174621435466602,0.2992050900918249,0.20422253718838237,24.074074074074073,23.456790123456788,54.32098765432099,63.27160493827161,18.209876543209877,28.39506172839506,28.39506172839506
c00238,watershed,238,1.817500000084983,1.4600430727005005,1.14674203532861,1.0,2.1014047797452986,733,1.0,0.3362266834421034,0.4368929095725804,0.29216220131006415,23.456790123456788,45.67901234567901,24.691358024691358,83.48765432098766,84.5679012345679,86.41975308641975,87.34567901234568
c00239,watershed,239,2.808125000218861,1.477095365524292,1.0917979610780262,0.9991189427312775,3.097976714567186,1135,1.0,0.2715063634387274,0.34221853298661464,0.23165023446734395,25.308641975308642,33.641975308641975,42.28395061728395,61.111111111111114,44.44444444444444,56.79012345679012,56.17283950617284
c00240,watershed,240,1.2737499999103603,1.4802428483963013,1.016771825016007,1.0,1.3116356542741574,516,1.0,0.26623603163410975,0.32307119500645143,0.2214669049966379,25.617283950617285,22.22222222222222,12.654320987654321,83.48765432098766,41.04938271604938,43.82716049382716,45.370370370370374
c00241,watershed,241,1.6924999999118155,1.6221649646759033,1.0747298669832621,1.0,1.824353949208967,679,1.0,0.3388187056336163,0.41215935576037177,0.27637067950402755,43.51851851851852,29.629629629629626,20.98765432098765,83.48765432098766,85.49382716049382,80.8641975308642,81.17283950617285
c00242,watershed,242,3.0931249999784636,1.4985811710357666,0.9904228179798863,1.0,3.0455501652962966,1230,1.0,0.2658031400810097,0.28419414791832376,0.19491736322414077,28.08641975308642,19.753086419753085,41.358024691358025,83.48765432098766,40.74074074074074,21.296296296296298,21.296296296296298
c00243,watershed,243,2.6575000000663564,1.5337467193603516,1.060528827491074,0.9981464318813716,2.860776512164824,1079,1.0,0.18781123810211864,0.20351684510348877,0.14052164048285581,31.790123456790127,27.77777777777778,37.65432098765432,53.086419753086425,5.864197530864197,4.320987654320987,4.320987654320987
c00244,watershed,244,1.5737499999714784,1.4968996047973633,1.1103721187111868,0.9952229299363057,1.7432842263812263,628,1.0,0.3553153277763247,0.45014233533898407,0.29862870826179966,27.77777777777778,37.96296296296296,19.1358024691358,37.96296296296296,91.66666666666666,91.9753086419753,91.9753086419753
c00245,watershed,245,1.3093749999636202,1.546815037727356,0.963395275561686,1.0,1.2548223464224524,521,1.0,0.33464685347757783,0.40628399980897145,0.272224148498913,33.641975308641975,17.28395061728395,12.037037037037036,83.48765432098766,83.0246913580247,78.08641975308642,79.01234567901234
c00246,watershed,246,1.4918749998538985,1.5247389078140259,1.0701745265054379,1.0,1.5758319902834723,589,1.0,0.34254934452082875,0.4534824715217162,0.30207891889232147,30.555555555555557,29.01234567901235,15.74074074074074,83.48765432098766,86.72839506172839,92.5925925925926,93.51851851851852
c00247,watershed,247,2.355000000090804,1.4340087175369263,1.104093360099659,0.9832635983263598,2.638783130645243,956,1.0,0.3030795116269459,0.3434861352789254,0.23216848849889435,21.296296296296298,36.11111111111111,33.95061728395062,12.962962962962962,67.28395061728395,57.098765432098766,56.481481481481474
c00248,watershed,248,1.6037500000026192,1.438883662223816,1.1295968204206992,0.9969088098918083,1.8271228570353684,647,1.0,0.37197859497872154,0.4847807720272727,0.3190862694473724,21.91358024691358,41.66666666666667,21.296296296296298,46.913580246913575,96.60493827160494,95.67901234567901,95.98765432098766
c00249,watershed,249,1.8462499998576822,1.442674994468689,0.9786873499313032,1.0,1.8276986260015975,747,1.0,0.27834150582452744,0.28290517773258994,0.19434678878307826,22.530864197530864,19.1358024691358,21.604938271604937,83.48765432098766,50.92592592592593,20.061728395061728,20.679012345679013
c00250,watershed,250,2.149375000234577,1.4607470035552979,1.0234320971598467,1.0,2.2336405520573397,873,1.0,0.3080356694271741,0.3131782087822784,0.21421798337690698,23.765432098765434,22.530864197530864,26.851851851851855,83.48765432098766,70.37037037037037,37.34567901234568,39.19753086419753
c00251,watershed,251,2.318125000099244,1.4386171102523804,1.1356048612319938,0.9925611052072264,2.6715104360554114,941,1.0,0.2822901068298862,0.3216075829209308,0.22020015886816846,21.604938271604937,42.901234567901234,34.876543209876544,30.246913580246915,54.629629629629626,43.20987654320987,44.135802469135804
c00252,watershed,252,1.897499999736319,1.4892882108688354,1.0854998006786962,0.9908972691807543,2.0868733668103756,769,1.0,0.34263994727834407,0.41081524498362415,0.27510488752885587,27.160493827160494,31.790123456790127,24.382716049382715,25.617283950617285,87.03703703703704,80.55555555555556,80.24691358024691
c00253,watershed,253,3.3131249998760177,1.4426358938217163,1.0530292837478437,1.0,3.530280673774089,1341,1.0,0.19345324721619,0.2353429573824883,0.1613450964400896,22.22222222222222,27.469135802469136,48.45679012345679,83.48765432098766,6.790123456790123,7.098765432098765,6.481481481481481
c00254,watershed,254,5.231250000017463,1.3746483325958252,0.9134400857264916,1.0,4.772724447933684,2090,1.0,0.16406849603031007,0.18100148182212028,0.1250885769006025,19.1358024691358,11.728395061728394,63.27160493827161,83.48765432098766,4.62962962962963,3.7037037037037033,3.3950617283950617
c00255,watershed,255,1.2000000000785802,1.4730099439620972,1.0085758260032067,1.0,1.2380268264222478,491,1.0,0.23033321627772516,0.34508580820999496,0.2355140996208952,24.691358024691358,20.98765432098765,11.728395061728394,83.48765432098766,16.97530864197531,58.95061728395061,58.333333333333336
c00256,watershed,256,1.7868750001385343,1.430680513381958,1.0868746421299875,0.9972222222222222,1.9563743558392104,720,1.0,0.399878480065676,0.5410901043075824,0.3518429318251818,20.98765432098765,32.407407407407405,22.839506172839506,48.45679012345679,99.07407407407408,98.76543209876543,99.07407407407408
c00257,watershed,257,1.2943750001146692,1.3988142013549805,1.0713744062478796,0.9981060606060606,1.4142142162509836,528,1.0,0.310699250688789,0.37304580007121224,0.25170180339947423,20.37037037037037,29.32098765432099,13.88888888888889,52.46913580246913,72.53086419753086,68.20987654320987,67.5925925925926
c00258,watershed,258,2.11750000002241,1.4444772005081177,1.009978585907966,1.0,2.1689290132431585,859,1.0,0.23462323161955417,0.278075865323142,0.19142050729758675,22.839506172839506,21.604938271604937,26.234567901234566,83.48765432098766,19.444444444444446,17.59259259259259,18.51851851851852
c00259,watershed,259,1.5568749998425482,1.3909955024719238,1.0269422830572568,1.0,1.6148667401118557,629,1.0,0.3122895383457162,0.36792268329030114,0.2481578253993553,20.061728395061728,23.14814814814815,16.049382716049383,83.48765432098766,73.76543209876543,65.74074074074075,65.4320987654321
c00260,watershed,260,1.1400000000061117,1.3512340784072876,1.0457330461333454,0.9848484848484849,1.2078216682872445,462,1.0,0.26518277287519265,0.36206872016134034,0.24506975460160102,18.209876543209877,25.617283950617285,11.11111111111111,15.432098765432098,40.4320987654321,62.65432098765432,63.27160493827161
c00261,watershed,261,0.95749999997759,1.4047985076904297,0.9591868830127618,1.0,0.9280133093173293,387,1.0,0.36490254283840673,0.4391245205360261,0.29279956994576783,20.679012345679013,16.666666666666664,9.25925925925926,83.48765432098766,95.37037037037037,87.03703703703704,87.96296296296296
c00262,watershed,262,1.3406249999476132,1.3633209466934204,1.0114695290538753,0.9925233644859813,1.3528404951131767,535,1.0,0.33027734231139416,0.37216429512985233,0.25181870259689815,18.51851851851852,21.91358024691358,12.962962962962962,29.938271604938272,81.17283950617285,67.28395061728395,67.90123456790124
c00263,watershed,263,1.4224999999749706,1.3839994668960571,1.0369260333735368,0.9913793103448276,1.5035427483956498,580,1.0,0.3361465793153981,0.43058969187678525,0.2868509755557807,19.444444444444446,24.691358024691358,14.814814814814813,26.851851851851855,84.25925925925925,85.49382716049382,86.11111111111111
c00264,watershed,264,4.551875000032594,1.3118610382080078,0.9192482190030464,1.0,4.203262481402673,1829,1.0,0.2374263190183508,0.28150226341848833,0.19057678443789186,16.049382716049383,12.037037037037036,55.8641975308642,83.48765432098766,21.604938271604937,19.753086419753085,17.59259259259259
c00265,watershed,265,1.6868749998969725,1.3856377601623535,1.046442805354059,1.0,1.7684883410530903,676,1.0,0.36351302363927923,0.5029530378833827,0.33090503021678824,19.753086419753085,25.925925925925924,19.444444444444446,83.48765432098766,94.75308641975309,97.22222222222221,97.22222222222221
c00266,watershed,266,2.8724999996460974,1.350765585899353,0.9113468561311754,1.0,2.613287109963135,1147,1.0,0.2445632481329627,0.2412362987346273,0.16775689575690836,17.901234567901234,11.419753086419753,33.0246913580247,83.48765432098766,26.234567901234566,8.950617283950617,8.641975308641975
c00267,watershed,267,2.8250000000887665,1.324690341949463,0.9520212441708981,0.9973661106233538,2.7108804927838834,1139,1.0,0.24324020335982124,0.31682696546656747,0.21672567906590154,16.666666666666664,16.049382716049383,35.80246913580247,49.074074074074076,24.691358024691358,40.4320987654321,41.66666666666667
c00268,watershed,268,4.052499999888242,1.334830403327942,0.9512575497754668,1.0,3.871618227596506,1628,1.0,0.27333138400384527,0.30715970180794755,0.20841383373368225,17.28395061728395,15.74074074074074,52.77777777777778,83.48765432098766,45.370370370370374,31.790123456790127,30.246913580246915
c00269,watershed,269,1.6050000000253204,1.3269058465957642,1.0009458126606114,0.9984639016897081,1.6290393101095024,651,1.0,0.23601482433189483,0.26493680967238564,0.1837040610883398,16.97530864197531,20.061728395061728,16.358024691358025,56.17283950617284,20.679012345679013,12.654320987654321,13.88888888888889
c00270,watershed,270,2.3112499999249123,1.3653405904769897,0.98326456165797,0.9978378378378379,2.2737992988401374,925,1.0,0.2093721379419057,0.21809012069813377,0.15135371008314483,18.82716049382716,19.444444444444446,27.469135802469136,50.92592592592593,11.11111111111111,4.938271604938271,4.938271604938271
c00271,watershed,271,2.9212499998984276,1.3048851490020752,1.0321837677667707,1.0,3.044942114920118,1180,1.0,0.2523410911679387,0.31614017562804875,0.2158450002838075,15.432098765432098,24.074074074074073,41.04938271604938,83.48765432098766,30.864197530864196,39.81481481481482,40.74074074074074
c00272,watershed,272,0.8743750001036097,1.3476166725158691,1.09505106525617,1.0,0.9663825650911549,353,1.0,0.3116547292747887,0.34787787469622183,0.23675492207109788,17.59259259259259,34.5679012345679,9.876543209876543,83.48765432098766,73.14814814814815,59.5679012345679,59.5679012345679
c00273,watershed,273,2.439999999834399,1.3166730403900146,0.9494807641242756,1.0,2.352338593124185,991,1.0,0.23563424679504144,0.2904910614185538,0.19799646922069386,16.358024691358025,15.432098765432098,29.01234567901235,83.48765432098766,20.061728395061728,24.074074074074073,24.382716049382715
c00274,watershed,274,2.601249999893189,1.2382596731185913,0.9590347551551587,1.0,2.5030807109616595,1044,1.0,0.29085793636223933,0.34421898006080415,0.2354075673111072,13.271604938271606,16.358024691358025,31.790123456790127,83.48765432098766,59.25925925925925,57.407407407407405,58.0246913580247
c00275,watershed,275,3.249374999939173,1.2809425592422485,0.9363749747780653,1.0,3.043218668036852,1300,1.0,0.2619110686839595,0.2839553291290895,0.19345945344555157,14.506172839506174,13.88888888888889,40.74074074074074,83.48765432098766,37.03703703703704,20.98765432098765,20.061728395061728
c00276,watershed,276,2.4931249998882414,1.3074705600738525,0.9356568307422907,1.0,2.360194355553741,1009,1.0,0.2818958566082096,0.3258153494503256,0.22224027380251746,15.74074074074074,13.580246913580247,29.32098765432099,83.48765432098766,54.01234567901234,45.67901234567901,46.2962962962963
c00277,watershed,277,1.7381250000666477,1.2301756143569946,0.9705041819989426,0.9985734664764622,1.7008085789576963,701,1.0,0.30023217078273207,0.4194225142525299,0.2774700665068701,12.962962962962962,18.82716049382716,18.209876543209877,56.79012345679012,65.74074074074075,83.33333333333334,82.4074074074074
c00278,watershed,278,2.9168750000532597,1.2426975965499878,0.9411995047473135,1.0,2.7600675476788794,1173,1.0,0.2967958716032508,0.3593912188156344,0.24320875861483535,13.580246913580247,14.814814814814813,36.41975308641975,83.48765432098766,62.34567901234568,61.419753086419746,61.72839506172839
c00279,watershed,279,2.198125000037253,1.2260243892669678,0.965383452202667,0.9966178128523112,2.14073780526514,887,1.0,0.30435270070255344,0.3718603138259311,0.25226685065108284,12.654320987654321,17.59259259259259,25.308641975308642,45.98765432098765,68.20987654320987,66.9753086419753,68.20987654320987
c00280,watershed,280,1.7256250000171711,1.2686843872070312,0.8826227595999901,1.0,1.5203177034150497,689,1.0,0.27862616627806525,0.27835430957655344,0.19237932275115166,14.19753086419753,9.876543209876543,15.123456790123457,83.48765432098766,51.23456790123457,17.901234567901234,19.444444444444446
c00281,watershed,281,1.0031250001091394,1.3008455038070679,1.0241566522105554,0.9975786924939467,1.057441743410227,413,1.0,0.19628219439583416,0.2849733551497936,0.19492697731858585,15.123456790123457,22.839506172839506,10.493827160493826,50.0,8.024691358024691,21.604938271604937,21.604938271604937
c00282,watershed,282,1.4693750000026198,1.2121022939682007,0.9658654271852709,1.0,1.4318954958059942,593,1.0,0.3909112866101408,0.5507237763245434,0.3573500116859794,11.419753086419753,18.209876543209877,14.19753086419753,83.48765432098766,98.4567901234568,99.69135802469135,99.69135802469135
c00283,watershed,283,4.156250000088767,1.2136675119400024,0.9335928821699104,1.0,3.904752229686095,1673,1.0,0.28169802579280634,0.34205256918361093,0.23041120133964924,11.728395061728394,12.962962962962962,53.70370370370371,83.48765432098766,53.70370370370371,56.481481481481474,54.629629629629626
c00284,watershed,284,1.2012500000561703,1.210952877998352,0.9629012693348245,1.0,1.169925042244941,486,1.0,0.363049085170053,0.504880596894815,0.3336243818716959,10.802469135802468,16.97530864197531,10.802469135802468,83.48765432098766,94.44444444444444,97.8395061728395,97.8395061728395
c00285,watershed,285,0.9668749999674037,1.2587871551513672,0.9228210118997037,0.9974874371859297,0.9182069068426612,398,1.0,0.31308073990157503,0.38309824665139847,0.257944069193408,13.88888888888889,12.654320987654321,8.641975308641975,49.382716049382715,74.07407407407408,70.37037037037037,71.29629629629629
c00286,watershed,286,1.2956249999671128,1.2114399671554565,0.9657514277549292,0.9943181818181818,1.2747918846399162,528,1.0,0.33917993656698375,0.39828047830389035,0.2691884106547146,11.11111111111111,17.901234567901234,12.345679012345679,34.5679012345679,85.80246913580247,75.0,75.92592592592592
c00287,watershed,287,1.8850000000084401,1.195068120956421,0.9008270894121003,1.0,1.6777904540345248,745,1.0,0.3153380762143695,0.36019442021658027,0.24510987644283194,10.493827160493826,10.802469135802468,16.666666666666664,83.48765432098766,75.61728395061729,61.72839506172839,63.580246913580254
c00288,watershed,288,3.7068750000026194,1.1698516607284546,0.8174286882750685,1.0,3.038791148670695,1487,1.0,0.23540623870705,0.26609402195053306,0.1820393301576019,9.876543209876543,5.555555555555555,40.4320987654321,83.48765432098766,19.753086419753085,13.580246913580247,12.654320987654321
c00289,watershed,289,0.9274999999566353,1.2205214500427246,0.8595710866451264,1.0,0.8058478937319614,375,1.0,0.3936569777836333,0.5434674310891181,0.35573356801338596,12.345679012345679,7.716049382716049,7.4074074074074066,83.48765432098766,98.76543209876543,99.07407407407408,99.38271604938271
c00290,watershed,290,0.8306249999959254,1.213990569114685,0.8813871321952449,1.0,0.746975594537468,339,1.0,0.3608657106887552,0.4406712510557116,0.29412998313629285,12.037037037037036,9.5679012345679,7.098765432098765,83.48765432098766,93.82716049382715,88.27160493827161,90.12345679012346
c00291,watershed,291,2.8081250000835283,1.1527150869369507,0.7823291660776829,1.0,2.2139915400057646,1132,1.0,0.27702539446189534,0.3315057028463642,0.2254315322030975,9.5679012345679,4.012345679012346,26.543209876543212,83.48765432098766,49.074074074074076,49.382716049382715,49.691358024691354
c00292,watershed,292,2.055000000068976,1.1454007625579834,0.8688014973831006,1.0,1.8288271519963186,842,1.0,0.2883212482601247,0.31444410382774196,0.2159229379396135,8.641975308641975,8.333333333333332,21.91358024691358,83.48765432098766,56.79012345679012,38.88888888888889,41.04938271604938
c00293,watershed,293,1.4068749998294516,1.148854374885559,0.871911012487752,1.0,1.220675417486118,560,1.0,0.4128124194616626,0.4731775986121903,0.31321041521331944,9.25925925925926,9.25925925925926,11.419753086419753,83.48765432098766,99.38271604938271,94.44444444444444,94.75308641975309
c00294,watershed,294,1.4837499999129797,1.1425687074661255,0.9095230868532638,1.0,1.3756536688692411,605,1.0,0.3734707901395632,0.4924679769438075,0.32345333607324184,8.333333333333332,11.11111111111111,13.580246913580247,83.48765432098766,96.91358024691358,96.60493827160494,96.91358024691358
c00295,watershed,295,0.5350000001030275,1.1478642225265503,0.9445124201236232,1.0,0.5123979879184362,217,1.0,0.32834937078467535,0.40048403337195376,0.27007526061904025,8.950617283950617,15.123456790123457,5.864197530864197,83.48765432098766,79.93827160493827,75.92592592592592,76.85185185185185
c00296,watershed,296,1.0893749998652493,1.465915560722351,0.882838997729989,1.0,0.9490519225622767,430,1.0,0.2584702411296816,0.3168334924204128,0.21776509618157344,24.382716049382715,10.185185185185185,9.5679012345679,83.48765432098766,34.876543209876544,40.74074074074074,43.20987654320987
c00297,watershed,297,1.0249999998966812,1.1334482431411743,0.9372171879672319,1.0,0.9770489184584525,417,1.0,0.29956207018657166,0.42260171957143794,0.28213077930040825,7.716049382716049,14.19753086419753,10.185185185185185,83.48765432098766,64.50617283950618,84.5679012345679,85.18518518518519
c00298,watershed,298,2.1049999996033146,1.0836337804794312,0.8037026311369503,1.0,1.7078680911705877,850,1.0,0.29933244128091113,0.3665051731413994,0.24859991830317685,7.098765432098765,4.62962962962963,18.82716049382716,83.48765432098766,64.19753086419753,65.12345679012346,66.0493827160494
c00299,watershed,299,0.7768750000253205,1.1342922449111938,0.8352305979283999,0.9937304075235109,0.6660964018496807,319,1.0,0.29180292910580735,0.2925351518254534,0.20255231670674012,8.024691358024691,7.098765432098765,6.790123456790123,32.098765432098766,60.18518518518518,25.308641975308642,26.234567901234566
c00300,watershed,300,0.9812500000291038,1.057093620300293,0.8650191764288311,1.0,0.8542064367257555,395,1.0,0.21926403374492218,0.2837563241056179,0.19452411347085263,6.790123456790123,8.024691358024691,7.716049382716049,83.48765432098766,12.654320987654321,20.679012345679013,20.98765432098765
c00301,watershed,301,1.0756250000055296,1.0086395740509033,0.8329186332688484,1.0,0.9120459034318286,438,1.0,0.27432406441428897,0.32385382115489053,0.22106936048850281,5.555555555555555,6.790123456790123,8.333333333333332,83.48765432098766,47.22222222222222,44.44444444444444,45.06172839506173
c00302,watershed,302,0.5612500000340515,1.1244888305664062,0.8883952186221168,1.0,0.5130482387556448,231,1.0,0.23901106024598612,0.2412289445870639,0.16848323009827704,7.4074074074074066,10.493827160493826,6.172839506172839,83.48765432098766,22.839506172839506,8.641975308641975,9.25925925925926
c00303,watershed,303,1.0462499998125714,0.9825891852378845,0.8064580572898998,1.0,0.8669424115889611,430,1.0,0.2735289195497707,0.3109344617405885,0.2132008554048997,4.938271604938271,4.938271604938271,8.024691358024691,83.48765432098766,45.98765432098765,35.80246913580247,37.34567901234568
c00304,watershed,304,0.4343749999519786,1.007539987564087,0.8412160990067891,1.0,0.3680320433164546,175,1.0,0.2618335328996467,0.3446324720460887,0.23639494871835,5.246913580246913,7.4074074074074066,4.012345679012346,83.48765432098766,36.7283950617284,58.64197530864198,58.95061728395061
c00305,watershed,305,0.47187499991850934,1.018336296081543,0.8235139542696427,1.0,0.40352183759320426,196,1.0,0.3418492019897946,0.4444873940406886,0.29309392852658994,5.864197530864197,6.481481481481481,4.62962962962963,83.48765432098766,86.41975308641975,90.12345679012346,88.88888888888889
c00306,watershed,306,0.8443749999196735,1.0517915487289429,0.7147917723858322,1.0,0.6308037391321842,353,1.0,0.3348254002987009,0.3264700119432348,0.22411293361676676,6.172839506172839,2.1604938271604937,6.481481481481481,83.48765432098766,83.33333333333334,46.2962962962963,48.45679012345679
c00307,watershed,307,0.5531250000640284,0.9437345862388611,0.8195951217785478,1.0,0.4589732681972144,224,1.0,0.32928690637795244,0.3201225918521474,0.21951273588896902,4.320987654320987,6.172839506172839,5.246913580246913,83.48765432098766,80.8641975308642,42.901234567901234,43.82716049382716
c00308,watershed,308,6.353750000228173,0.8942866921424866,0.6835217961160711,1.0,4.408715584960452,2580,1.0,0.160561823835632,0.22711003212033395,0.1605518539095509,2.4691358024691357,1.2345679012345678,57.71604938271605,83.48765432098766,4.320987654320987,5.555555555555555,6.172839506172839
c00309,watershed,309,0.31687499997613483,1.1728155612945557,0.7845094866752624,1.0,0.24515921458667528,125,1.0,0.34578105254288494,0.4761168167444256,0.3169482951092697,10.185185185185185,4.320987654320987,2.7777777777777777,83.48765432098766,88.88888888888889,95.06172839506173,95.37037037037037
c00310,watershed,310,0.5343749999505235,1.0570226907730103,0.734461581456327,1.0,0.392936946080186,214,1.0,0.0003506137178983023,0.02400044913585422,0.017863966955286994,6.481481481481481,3.3950617283950617,4.320987654320987,83.48765432098766,0.9259259259259258,2.1604938271604937,2.1604938271604937
c00311,watershed,311,1.2256250000128057,0.8627305626869202,0.7243680719526779,1.0,0.9253802119220214,511,1.0,0.19610874579162355,0.39281407167234267,0.2643902570578772,1.8518518518518516,3.0864197530864197,8.950617283950617,83.48765432098766,7.716049382716049,74.38271604938271,74.07407407407408
c00312,watershed,312,0.5156250000669388,0.879688024520874,0.8091842073230117,1.0,0.43089059040065625,213,1.0,0.29013041396437655,0.36090156997381073,0.24583257864436586,2.1604938271604937,5.246913580246913,4.938271604938271,83.48765432098766,57.71604938271605,62.34567901234568,64.19753086419753
c00313,watershed,313,0.691249999970605,0.9124225378036499,0.7400754965099462,1.0,0.5014011488868296,271,1.0,0.3627068362948313,0.4441466992825619,0.29556610688381857,3.0864197530864197,3.7037037037037033,5.555555555555555,83.48765432098766,94.1358024691358,89.81481481481481,91.0493827160494
c00314,watershed,314,0.3281250000465661,0.9084707498550415,0.7171416700743943,1.0,0.24920673035151858,139,1.0,0.379647658572106,0.6033617629672815,0.3917378528577464,2.7777777777777777,2.4691358024691357,3.0864197530864197,83.48765432098766,97.8395061728395,100.0,100.0
c00315,watershed,315,0.1668750001420267,1.2845884561538696,0.870076098303864,1.0,0.15008812695781798,69,1.0,0.18305047331865282,0.252739887913248,0.17687823205985076,14.814814814814813,8.641975308641975,2.1604938271604937,83.48765432098766,5.246913580246913,10.493827160493826,10.802469135802468
c00316,watershed,316,0.5081250000747969,0.7917941808700562,0.6782884104549884,1.0,0.3391442052284014,200,1.0,0.07314461327886132,0.0822337294315633,0.06041400132747323,1.2345679012345678,0.9259259259259258,3.7037037037037033,83.48765432098766,2.4691358024691357,2.7777777777777777,2.7777777777777777
c00317,watershed,317,0.3981249999965075,0.9175249338150024,0.7202602488220118,1.0,0.2827021476633958,157,1.0,0.3563860842559881,0.4716158449270118,0.3144578198890434,3.3950617283950617,2.7777777777777777,3.3950617283950617,83.48765432098766,91.9753086419753,94.1358024691358,95.06172839506173
c00318,watershed,318,0.18000000003841707,0.7974030375480652,0.7107139393903207,1.0,0.12259815454515825,69,1.0,0.012586177415095573,0.04149426744532967,0.030716653049370927,1.5432098765432098,1.8518518518518516,1.8518518518518516,83.48765432098766,1.5432098765432098,2.4691358024691357,2.4691358024691357
c00319,watershed,319,0.061875000038126016,0.9201493263244629,0.8706891674261826,1.0,0.05659479588285325,26,1.0,0.005132051858630003,-0.00026952648396645824,-0.00021665519922482916,3.7037037037037033,8.950617283950617,1.2345679012345678,83.48765432098766,1.2345679012345678,0.6172839506172839,0.6172839506172839
c00320,watershed,320,0.263124999886204,0.6627916693687439,0.6023844059454192,1.0,0.1641497506205658,109,1.0,0.3817333198042122,0.5337389459377649,0.3473402914042143,0.6172839506172839,0.6172839506172839,2.4691358024691357,83.48765432098766,98.14814814814815,98.14814814814815,98.4567901234568
c00321,watershed,321,0.15875000002648448,0.618654727935791,0.5932825928303733,1.0,0.09937483429935333,67,1.0,0.317294042076496,0.33851199318592107,0.23055837323088169,0.30864197530864196,0.30864197530864196,1.5432098765432098,83.48765432098766,76.5432098765432,54.01234567901234,55.55555555555556
c00322,watershed,322,0.06374999997467967,0.7387422919273376,0.6976842628075526,1.0,0.04534947708261222,26,1.0,0.4169288872676091,0.39032850922551626,0.26638291010210724,0.9259259259259258,1.5432098765432098,0.9259259259259258,83.48765432098766,99.69135802469135,73.76543209876543,75.0
c00323,watershed,323,0.028124999997089617,0.9291278123855591,0.9194874926046892,1.0,0.025285906046696588,11,1.0,0.30019601416161357,0.30900116970625113,0.21370961797229598,4.012345679012346,12.345679012345679,0.6172839506172839,83.48765432098766,65.4320987654321,32.407407407407405,37.96296296296296
c00324,watershed,324,0.019374999985157047,0.9484856724739075,0.818435549736023,1.0,0.014322622120418712,7,1.0,0.02561546640812291,0.17285308900282217,0.12336781414096976,4.62962962962963,5.864197530864197,0.30864197530864196,83.48765432098766,1.8518518518518516,3.0864197530864197,3.0864197530864197
