date,eto_mm,rain_mm,rain_effective_mm,irrigation_mm,ndvi,fc,kc,root_m,taw_mm,raw_mm,ks,etc_mm,dr_mm,drained_mm,filled_weather
2018-05-08,5.4,0.0,0.0,0.0,0.15,0.0,0.3,0.3,65.098,44.605149600000004,1.0,1.62,1.62,0.0,False
2018-05-09,6.1000000000000005,5.5,5.5,0.0,0.16058496206998824,0.015121374385697488,0.3113410307892731,0.3136092369471277,67.83563410428421,46.10220905118919,1.0,1.899180287814566,0.0,1.9808197121854338,False
2018-05-10,5.5,0.0,0.0,0.0,0.1711699241399765,0.030242748771395014,0.32268206157854623,0.3272184738942555,70.57326820856844,47.948483735698794,1.0,1.7747513386820042,1.7747513386820042,0.0,False
2018-05-11,4.6000000000000005,0.0,0.0,0.0,0.18175488620996474,0.045364123157092505,0.33402309236781935,0.34082771084138325,73.31090231285265,49.97572111386793,1.0,1.5365062248919692,3.3112575635739736,0.0,False
2018-05-12,3.5,0.0,0.0,0.0,0.19233984827995299,0.06048549754278999,0.3453641231570925,0.354436947788511,76.04853641713687,52.1454396886438,1.0,1.2087744310498236,4.520031994623797,0.0,False
2018-05-13,4.7,0.0,0.0,0.0,0.20292481034994125,0.07560687192848752,0.3567051539463656,0.36804618473563877,78.7861705214211,53.98652865613166,1.0,1.6765142235479185,6.196546218171715,0.0,False
2018-05-14,5.7,6.2,6.2,0.0,0.20513437166810036,0.07876338809728625,0.35907254107296466,0.3708870492875576,79.35763883468509,54.184289328589905,1.0,2.0467134841158985,2.0432597022876133,0.0,False
2018-05-15,2.9000000000000004,13.5,13.5,0.0,0.20734393298625947,0.08191990426608498,0.3614399281995637,0.37372791383947646,79.92910714794908,54.835653630210444,1.0,1.0481757917787349,0.0,10.40856450593365,False
2018-05-16,4.5,0.0,0.0,0.0,0.20955349430441855,0.08507642043488366,0.36380731532616273,0.37656877839139524,80.50057546121306,55.348254188958485,1.0,1.6371329189677324,1.6371329189677324,0.0,False
2018-05-17,5.9,0.0,0.0,0.0,0.21176305562257766,0.0882329366036824,0.3661747024527618,0.37940964294331414,81.07204377447707,55.5624945768982,1.0,2.1604307444712947,3.797563663439027,0.0,False
2018-05-18,3.6,11.9,11.9,0.0,0.21397261694073677,0.09138945277248112,0.36854208957936085,0.382250507495233,81.64351208774107,56.05200653450046,1.0,1.3267515224856992,0.0,6.775684814075275,False
2018-05-19,3.9000000000000004,0.0,0.0,0.0,0.21618217825889588,0.09454596894127984,0.37090947670595986,0.3850913720471518,82.21498040100506,56.33264017122667,1.0,1.4465469591532436,1.4465469591532436,0.0,False
2018-05-20,4.0,0.0,0.0,0.0,0.218391739577055,0.09770248511007856,0.3732768638325589,0.38793223659907067,82.78644871426906,56.81096626100001,1.0,1.4931074553302357,2.9396544144834795,0.0,False
2018-05-21,3.4000000000000004,0.4,0.0,0.0,0.22060130089521407,0.10085900127887726,0.37564425095915793,0.3907731011509895,83.35791702753305,57.56967551135816,1.0,1.2771904532611371,4.216844867744617,0.0,False
2018-05-22,4.2,0.0,0.0,0.0,0.22281086221337318,0.10401551744767598,0.378011638085757,0.39361396570290835,83.92938534079704,57.705620626703286,1.0,1.5876488799601796,5.804493747704797,0.0,False
2018-05-23,5.300000000000001,0.0,0.0,0.0,0.2250204235315323,0.1071720336164747,0.380379025212356,0.3964548302548272,84.50085365406103,57.91558868322369,1.0,2.016008833625487,7.820502581330284,0.0,False
2018-05-24,5.5,0.0,0.0,0.0,0.2193711300690969,0.09910161438442415,0.37432621078831807,0.3964548302548272,84.50085365406103,57.964665130117616,1.0,2.0587941593357493,9.879296740666033,0.0,False
2018-05-25,6.5,0.7000000000000001,0.0,0.0,0.21372183660666147,0.09103119515237354,0.36827339636428014,0.3964548302548272,84.50085365406103,57.449439014839115,1.0,2.393777076367821,12.273073817033854,0.0,False
2018-05-26,4.800000000000001,1.5,1.5,0.0,0.20807254314422607,0.08296077592032297,0.3622205819402422,0.3964548302548272,84.50085365406103,57.3083893042736,1.0,1.7386587933131628,12.511732610347018,0.0,False
2018-05-27,5.5,0.0,0.0,0.0,0.22552450373768806,0.10789214819669725,0.3809191111475229,0.3971029333770275,84.63122607812284,57.10570164019041,1.0,2.095055111311376,14.606787721658394,0.0,False
2018-05-28,6.4,0.0,0.0,0.0,0.24297646433115005,0.13282352047307153,0.3996176403548036,0.41954116842576433,89.14490144052675,59.4991298810184,1.0,2.5575528982707434,17.16434061992914,0.0,False
2018-05-29,6.7,0.0,0.0,0.0,0.25766365602612495,0.15380522289446424,0.4153539171708482,0.4384247006050178,92.94351277370538,61.39969645943409,1.0,2.782871245044683,19.94721186497382,0.0,False
2018-05-30,3.9000000000000004,43.800000000000004,43.800000000000004,0.0,0.27235084772109985,0.17478692531585696,0.43109019398689274,0.45730823278427124,96.74212410688399,64.09416641288504,1.0,1.6812517565488818,0.0,22.171536378477303,False
2018-05-31,5.9,13.700000000000001,13.700000000000001,0.0,0.28703803941607475,0.19576862773724968,0.44682647080293725,0.47619176496352467,100.5407354400626,66.2790708491768,1.0,2.63627617773733,0.0,11.063723822262672,False
2018-06-01,4.5,2.0,2.0,0.0,0.30172523111104965,0.21675033015864237,0.46256274761898175,0.4950752971427781,104.33934677324125,68.969382407673,1.0,2.081532364285418,0.08153236428541799,0.0,False
2018-06-02,4.5,0.0,0.0,0.0,0.31641242280602455,0.23773203258003509,0.4782990244350263,0.5139588293220315,107.79094160947416,70.9961124634535,1.0,2.1523456099576186,2.2338779742430366,0.0,False
2018-06-03,5.800000000000001,0.0,0.0,0.0,0.33109961450099945,0.2587137350014278,0.49403530125107087,0.532842361501285,111.12010833267654,72.69970555675205,1.0,2.8654047472562114,5.099282721499248,0.0,False
2018-06-04,6.1000000000000005,0.0,0.0,0.0,0.34578680619597435,0.27969543742282055,0.5097715780671154,0.5517258936805385,114.44927505587893,74.51675329960796,1.0,3.109606626209404,8.208889347708652,0.0,False
2018-06-05,6.7,0.0,0.0,0.0,0.36047399789094925,0.30067713984421324,0.52550785488316,0.5706094258597918,117.77844177908129,76.18763009285684,1.0,3.520902627717172,11.729791975425824,0.0,False
2018-06-06,5.4,0.0,0.0,0.0,0.37516118958592415,0.321658842265606,0.5412441316992045,0.5894929580390453,121.10760850228368,77.48202752181392,1.0,2.9227183111757045,14.65251028660153,0.0,False
2018-06-07,6.300000000000001,27.700000000000003,27.700000000000003,0.0,0.38984838128089905,0.34264054468699867,0.556980408515249,0.6083764902182988,124.43677522548606,78.99140765545616,1.0,3.508976573646069,0.0,9.538513139752403,False
2018-06-08,4.5,14.4,14.4,0.0,0.4091366918190666,0.37019527402723806,0.5776464555204286,0.6331757466245143,128.80888412990186,81.38560170970298,1.0,2.5994090498419284,0.0,11.800590950158071,False
2018-06-09,4.0,22.400000000000002,22.400000000000002,0.0,0.42842500235723413,0.39775000336747734,0.598312502525608,0.6579750030307296,133.18099303431762,83.96470443524976,1.0,2.393250010102432,0.0,20.00674998989757,False
2018-06-10,2.0,22.6,22.6,0.0,0.44771331289540167,0.42530473270771674,0.6189785495307876,0.682774259436945,137.5531019387334,88.00032772774914,1.0,1.2379570990615751,0.0,21.362042900938427,False
2018-06-11,3.9000000000000004,0.0,0.0,0.0,0.4670016234335692,0.452859462047956,0.639644596535967,0.7075735158431604,141.92521084314916,91.29616744697256,1.0,2.4946139264902714,2.4946139264902714,0.0,False
2018-06-12,4.5,0.0,0.0,0.0,0.48628993397173675,0.48041419138819547,0.6603106435411465,0.7323727722493758,146.29731974756496,94.56798954295184,1.0,2.9713978959351595,5.466011822425431,0.0,False
2018-06-13,4.2,0.0,0.0,0.0,0.5055782445099043,0.5079689207284347,0.6809766905463259,0.7571720286555912,150.66942865198072,97.44807320350449,1.0,2.860102100294569,8.32611392272,0.0,False
2018-06-14,5.6000000000000005,0.0,0.0,0.0,0.5248665550480718,0.535523650068674,0.7016427375515055,0.7819712850618066,155.0415375563965,99.90351362902469,1.0,3.9291993302884314,12.255313253008431,0.0,False
2018-06-15,6.5,0.0,0.0,0.0,0.5441548655862394,0.5630783794089134,0.722308784556685,0.806770541468022,159.41364646081226,100.81179860322388,1.0,4.6950070996184525,16.950320352626882,0.0,False
2018-06-16,6.300000000000001,0.0,0.0,0.0,0.5634431761244069,0.5906331087491526,0.7429748315618645,0.8315697978742373,163.78575536522803,101.43577633279628,1.0,4.680741438839747,21.631061791466628,0.0,False
2018-06-17,6.5,0.0,0.0,0.0,0.5827314866625745,0.618187838089392,0.7636408785670441,0.8563690542804527,168.1578642696438,100.56346918740365,1.0,4.963665710685786,26.594727502152416,0.0,False
2018-06-18,6.5,0.0,0.0,0.0,0.602019797200742,0.6457425674296313,0.7843069255722235,0.8811683106866681,172.52997317405956,100.61148621145547,1.0,5.0979950162194525,31.69272251837187,0.0,False
2018-06-19,4.7,10.700000000000001,10.700000000000001,0.0,0.6213081077389095,0.6732972967698708,0.8049729725774031,0.9059675670928837,176.90208207847542,102.34029707855827,1.0,3.7833729711137947,24.776095489485666,0.0,False
2018-06-20,4.3,5.6000000000000005,5.6000000000000005,0.0,0.640596418277077,0.7008520261101101,0.8256390195825827,0.9307668234990991,181.27419098289118,104.15473330238876,1.0,3.5502477842051055,22.72634327369077,0.0,False
2018-06-21,2.4000000000000004,42.0,42.0,0.0,0.6598847288152445,0.7284067554503493,0.8463050665877621,0.9555660799053143,185.6462998873069,108.6803544151222,1.0,2.031132159810629,0.0,17.242524566498602,False
2018-06-22,3.7,6.7,6.7,0.0,0.6791730393534121,0.7559614847905888,0.8669711135929417,0.9803653363115299,190.01840879172272,112.85470377428148,1.0,3.2077931202938843,0.0,3.492206879706116,False
2018-06-23,3.4000000000000004,1.0,1.0,0.0,0.6984613498915797,0.7835162141308282,0.887637160598121,1.0051645927177453,194.0539928346502,117.09531395991144,1.0,3.017966346033612,2.017966346033612,0.0,False
2018-06-24,5.5,0.0,0.0,0.0,0.7177496604297472,0.8110709434710675,0.9083032076033006,1.0299638491239607,196.81018219163695,118.72245282107153,1.0,4.995667641818153,7.013633987851765,0.0,False
2018-06-25,5.7,0.0,0.0,0.0,0.7370379709679147,0.8386256728113067,0.92896925460848,1.054763105530176,199.56637154862375,120.16027531975513,1.0,5.295124751268336,12.308758739120101,0.0,False
2018-06-26,4.2,9.5,9.5,0.0,0.7563262815060823,0.8661804021515461,0.9496353016136596,1.0795623619363914,202.32256090561054,121.58267915342164,1.0,3.9884682667773705,6.797227005897472,0.0,False
2018-06-27,4.5,0.0,0.0,0.0,0.7756145920442499,0.8937351314917855,0.9703013486188392,1.1043616183426068,205.07875026259734,122.28258959792656,1.0,4.366356068784777,11.163583074682249,0.0,False
2018-06-28,5.6000000000000005,0.0,0.0,0.0,0.7949029025824174,0.9212898608320248,0.9909673956240186,1.1291608747488222,207.8349396195841,119.74761155347667,1.0,5.549417415494505,16.713000490176753,0.0,False
2018-06-29,6.2,0.0,0.0,0.0,0.8141912131205848,0.9488445901722641,1.011633442629198,1.1539601311550376,210.59112897657087,117.64808459192832,1.0,6.272127344301028,22.98512783447778,0.0,False
2018-06-30,6.300000000000001,0.0,0.0,0.0,0.8334795236587524,0.9763993195125035,1.0322994896343776,1.178759387561253,213.34731833355764,114.9385535151525,1.0,6.503486784696579,29.48861461917436,0.0,False
2018-07-01,5.7,1.1,0.0,0.0,0.8196820467710495,0.9566886382443565,1.0175164786832673,1.178759387561253,213.34731833355764,113.95816006241043,1.0,5.799843928494624,35.28845854766898,0.0,False
2018-07-02,5.7,0.0,0.0,0.0,0.8058845698833466,0.9369779569762094,1.002733467732157,1.178759387561253,213.34731833355764,113.44557055820555,1.0,5.715580766073296,41.004039313742275,0.0,False
2018-07-03,6.1000000000000005,0.0,0.0,0.0,0.817285567522049,0.95326509646007,1.0149488223450525,1.178759387561253,213.34731833355764,110.76017450716222,1.0,6.19118781630482,47.195227130047094,0.0,False
2018-07-04,5.9,0.0,0.0,0.0,0.8286865651607513,0.9695522359439305,1.0271641769579478,1.178759387561253,213.34731833355764,108.69507904759233,1.0,6.0602686440518925,53.25549577409899,0.0,False
2018-07-05,3.8000000000000003,27.6,27.6,0.0,0.8400875627994537,0.9858393754277911,1.0393795315708434,1.187255437885012,214.29156936654024,111.13511306653582,1.0,3.9496422199692054,29.605137994068194,0.0,False
2018-07-06,4.7,0.0,0.0,0.0,0.8514885604381561,1.0,1.05,1.2,215.70799999999997,113.51786324854324,1.0,4.9350000000000005,34.540137994068196,0.0,False
2018-07-07,5.7,0.0,0.0,0.0,0.8628895580768585,1.0,1.05,1.2,215.70799999999997,114.15695894770515,1.0,5.985,40.525137994068196,0.0,False
2018-07-08,5.9,0.0,0.0,0.0,0.8628895580768585,1.0,1.05,1.2,215.70799999999997,113.66988279986353,1.0,6.195,46.720137994068196,0.0,False
2018-07-09,5.9,0.0,0.0,0.0,0.8628895580768585,1.0,1.05,1.2,215.70799999999997,113.07894243351002,1.0,6.195,52.915137994068196,0.0,False
2018-07-10,5.0,12.5,12.5,0.0,0.8628895580768585,1.0,1.05,1.2,215.70799999999997,114.23906667053564,1.0,5.25,45.665137994068196,0.0,False
